EntryId;PublicXUsername;PublicTelegramUsername;WalletMasked;PublicStatus;DrawInput
1;@natsu4810;@jveranda;0x5e17...3bec;OK;1|@natsu4810|@jveranda|0x5e17...3bec
2;@desmondwisdom12;@i_live_crypto;0xe043...49fa;OK;2|@desmondwisdom12|@i_live_crypto|0xe043...49fa
3;@johnsmithlkkd;@uncle_vdn;0x1436...b120;OK;3|@johnsmithlkkd|@uncle_vdn|0x1436...b120
4;@rafeprox1;@abcdrfeone;0x875e...971b;OK;4|@rafeprox1|@abcdrfeone|0x875e...971b
5;@ars_alili;@alrockshow;0xde5c...5f46;OK;5|@ars_alili|@alrockshow|0xde5c...5f46
6;@pgelaut;@lamneoiy;0xc5c7...9711;OK;6|@pgelaut|@lamneoiy|0xc5c7...9711
7;@setyajotwo;@galerwin;0x51ae...00c0;OK;7|@setyajotwo|@galerwin|0x51ae...00c0
8;@banitdongs;@abiyy01;0x1b72...d231;OK;8|@banitdongs|@abiyy01|0x1b72...d231
9;@asoygeboyy66;@jerengg;0xfb9f...e5ae;OK;9|@asoygeboyy66|@jerengg|0xfb9f...e5ae
10;@aboyposs3;@aboyposs3;0xa441...e3c3;OK;10|@aboyposs3|@aboyposs3|0xa441...e3c3
11;@pom_pikon;@dagbanaco;0x3396...5618;OK;11|@pom_pikon|@dagbanaco|0x3396...5618
12;@ibrahimisa36746;@kinqpromo;0x7c4c...2e27;OK;12|@ibrahimisa36746|@kinqpromo|0x7c4c...2e27
13;@bentex01;@bentexsteven;0x3995...ee07;OK;13|@bentex01|@bentexsteven|0x3995...ee07
14;@zaynulloh;@nebula15;0xfe7a...2af5;OK;14|@zaynulloh|@nebula15|0xfe7a...2af5
15;@ceckde;@recehslayer129;0x1831...036d;OK;15|@ceckde|@recehslayer129|0x1831...036d
16;@chukwu_james0;@james4live;0x6966...bdd1;OK;16|@chukwu_james0|@james4live|0x6966...bdd1
17;@mr_pawlowski;@mr_pawlowski007;0x40b2...c4a9;OK;17|@mr_pawlowski|@mr_pawlowski007|0x40b2...c4a9
18;@mosesolari60742;@mosena09;0xa838...822f;OK;18|@mosesolari60742|@mosena09|0xa838...822f
19;@deepakjoshi751;@deepakjoshi666;0x2033...e83b;OK;19|@deepakjoshi751|@deepakjoshi666|0x2033...e83b
20;@fane_devian;@fane_devian;0xf2ec...3fea;OK;20|@fane_devian|@fane_devian|0xf2ec...3fea
21;@ozcadone_gear;@ozcadone_gear;0x6312...889f;OK;21|@ozcadone_gear|@ozcadone_gear|0x6312...889f
22;@takada_oewang;@takadawang;0x38dd...3185;OK;22|@takada_oewang|@takadawang|0x38dd...3185
23;@risal_warr;@risalwardana;0x8dfd...e7ed;OK;23|@risal_warr|@risalwardana|0x8dfd...e7ed
24;@kyra_vyasti;@kyra_vyasti;0xa2e6...c26f;OK;24|@kyra_vyasti|@kyra_vyasti|0xa2e6...c26f
25;@andrenalin_adr;@andrenalingt;0x2f82...8324;OK;25|@andrenalin_adr|@andrenalingt|0x2f82...8324
26;@kadakawacil;@kadakawacil;0x3b2f...b4d0;OK;26|@kadakawacil|@kadakawacil|0x3b2f...b4d0
27;@ryseaverey;@ryseaverey;0x9280...4475;OK;27|@ryseaverey|@ryseaverey|0x9280...4475
28;@zaii_xbt;@zackxc80;0x3dc5...698a;OK;28|@zaii_xbt|@zackxc80|0x3dc5...698a
29;@anggarad77;@ojan11;0xcaab...d6df;OK;29|@anggarad77|@ojan11|0xcaab...d6df
30;@hessennabi9997;@alexzktv;0xdd8f...5615;OK;30|@hessennabi9997|@alexzktv|0xdd8f...5615
31;@muklisbudiarto;@muklisbudi;0xf21f...539d;OK;31|@muklisbudiarto|@muklisbudi|0xf21f...539d
32;@azkadina_davira;@azkadinadv;0x2808...5c64;OK;32|@azkadina_davira|@azkadinadv|0x2808...5c64
33;@clarissarainart;@clarissarainart;0x6a8e...81ce;OK;33|@clarissarainart|@clarissarainart|0x6a8e...81ce
34;@arai_rayden;@arai_rayden;0xf940...c348;OK;34|@arai_rayden|@arai_rayden|0xf940...c348
35;@olakunmi92;@thedonshow;0xe3f9...931f;OK;35|@olakunmi92|@thedonshow|0xe3f9...931f
36;@carlies_sam;@melodymira;0xb16d...855a;OK;36|@carlies_sam|@melodymira|0xb16d...855a
37;@sumalitugi;@jaelanix11;0xb047...baa3;OK;37|@sumalitugi|@jaelanix11|0xb047...baa3
38;@garnettadurant;@garnettadurant;0x1d0c...8ff5;OK;38|@garnettadurant|@garnettadurant|0x1d0c...8ff5
39;@grendell_brixt;@grendellbrixton;0xeae2...bbe2;OK;39|@grendell_brixt|@grendellbrixton|0xeae2...bbe2
40;@hengkyxtr;@rapatarx;0x7bfc...56cd;OK;40|@hengkyxtr|@rapatarx|0x7bfc...56cd
41;@jaoatsodiq;@syakirunk;0x2c2e...ac9d;OK;41|@jaoatsodiq|@syakirunk|0x2c2e...ac9d
42;@setevan140;@setevan140;0xc8b0...8266;OK;42|@setevan140|@setevan140|0xc8b0...8266
43;@yo33772yo;@roufmsthf;0xcb76...0e26;OK;43|@yo33772yo|@roufmsthf|0xcb76...0e26
44;@bismillahcuanx;@bismillahcuanx;0xa0fb...7410;OK;44|@bismillahcuanx|@bismillahcuanx|0xa0fb...7410
45;@ransanama;@uraktd;0xd030...1723;OK;45|@ransanama|@uraktd|0xd030...1723
46;@ozaneth;@ozan_eth;0xfaee...6ebe;OK;46|@ozaneth|@ozan_eth|0xfaee...6ebe
47;@sanek272017;@sanchelo79;0x7d7f...6421;OK;47|@sanek272017|@sanchelo79|0x7d7f...6421
48;@abdullahi627;@musa6035;0x6196...2821;OK;48|@abdullahi627|@musa6035|0x6196...2821
49;@rexazalzalu;@rexazalzalu;0xbdd9...1270;OK;49|@rexazalzalu|@rexazalzalu|0xbdd9...1270
50;@syinknon;@ardisudi;0x4d8a...33b6;OK;50|@syinknon|@ardisudi|0x4d8a...33b6
51;@redmi188364;@rhendy30;0x1aea...27ca;OK;51|@redmi188364|@rhendy30|0x1aea...27ca
52;@naperaji9;@naverasatu;0x264e...310d;OK;52|@naperaji9|@naverasatu|0x264e...310d
53;@hernik22;@nanikhera;0xf272...0b57;OK;53|@hernik22|@nanikhera|0xf272...0b57
54;@onefood98;@shahinmiah450;0xa73b...9e36;OK;54|@onefood98|@shahinmiah450|0xa73b...9e36
55;@dedo3ahmed;@moody3ahmed;0xdfd4...769e;OK;55|@dedo3ahmed|@moody3ahmed|0xdfd4...769e
56;@akotako22;@kotakkotak1;0xc9be...d89a;OK;56|@akotako22|@kotakkotak1|0xc9be...d89a
57;@whalesizeshrimp;@ahhayy;0xbd66...f81a;OK;57|@whalesizeshrimp|@ahhayy|0xbd66...f81a
58;@rth_hriday;@rth_hriday;0xd3e7...844b;OK;58|@rth_hriday|@rth_hriday|0xd3e7...844b
59;@cloveword;@kiemore;0xa034...4443;OK;59|@cloveword|@kiemore|0xa034...4443
60;@cryptofarmaar;@cryptofarmar;0x2609...35c3;OK;60|@cryptofarmaar|@cryptofarmar|0x2609...35c3
61;@dattips_boy;@dattips_boy;0x2b58...df41;OK;61|@dattips_boy|@dattips_boy|0x2b58...df41
62;@tolu_onchain;@tolu_onchain;0x3b21...7546;OK;62|@tolu_onchain|@tolu_onchain|0x3b21...7546
63;@maikwano19;@maikwano19;0x5714...adca;OK;63|@maikwano19|@maikwano19|0x5714...adca
64;@amandasher84070;@catonbag;0xbd39...3f25;OK;64|@amandasher84070|@catonbag|0xbd39...3f25
65;@donmikeal;@neoliten;0xc337...0d8a;OK;65|@donmikeal|@neoliten|0xc337...0d8a
66;@alsun4444;@alsun444;0x2337...76f9;OK;66|@alsun4444|@alsun444|0x2337...76f9
67;@professor_slax;@danniufot;0x054c...0685;OK;67|@professor_slax|@danniufot|0x054c...0685
68;@yassirraheem12;@oraheem9;0x137d...db61;OK;68|@yassirraheem12|@oraheem9|0x137d...db61
69;@bountyt2;@olasquare27;0xc568...633c;OK;69|@bountyt2|@olasquare27|0xc568...633c
70;@xyz_wilson;@wilson_xyzz;0x261b...08ab;OK;70|@xyz_wilson|@wilson_xyzz|0x261b...08ab
71;@opeloye2020;@temmynathy;0xb601...ebe7;OK;71|@opeloye2020|@temmynathy|0xb601...ebe7
72;@ngoziachoro;@ngoble;0x89e8...845b;OK;72|@ngoziachoro|@ngoble|0x89e8...845b
73;@dontgetfunky;@unfunkk;0x44d9...39ee;OK;73|@dontgetfunky|@unfunkk|0x44d9...39ee
74;@flourish_glory;@purplediamondman;0xdf1f...7d51;OK;74|@flourish_glory|@purplediamondman|0xdf1f...7d51
75;@eagbesua92920;@uniqueemmaculate;0x4356...de28;OK;75|@eagbesua92920|@uniqueemmaculate|0x4356...de28
76;@abaobi223065;@abaobi;0x4327...f1b1;OK;76|@abaobi223065|@abaobi|0x4327...f1b1
77;@0xveiled;@zw624434;0x6ed9...017a;OK;77|@0xveiled|@zw624434|0x6ed9...017a
78;@agustian1987;@agustian1208;0xbd81...e20d;OK;78|@agustian1987|@agustian1208|0xbd81...e20d
79;@dasmisu2001;@misu677;0x4dd8...dd9a;OK;79|@dasmisu2001|@misu677|0x4dd8...dd9a
80;@francisobe4;@otipiszero;0x2109...eaae;OK;80|@francisobe4|@otipiszero|0x2109...eaae
81;@delben096;@aybenzy;0xda1a...c33d;OK;81|@delben096|@aybenzy|0xda1a...c33d
82;@the_main_ay;@the_main_ay;0xfdcc...aac4;OK;82|@the_main_ay|@the_main_ay|0xfdcc...aac4
83;@mullingste1;@yahawaiian;0xd695...7c3c;OK;83|@mullingste1|@yahawaiian|0xd695...7c3c
84;@jax_nia6;@capitalizerr;0x220b...23f1;OK;84|@jax_nia6|@capitalizerr|0x220b...23f1
85;@obehsun;@sunnyblck;0xb013...a1f9;OK;85|@obehsun|@sunnyblck|0xb013...a1f9
86;@josoffconcepts;@josephmandel;0xb13b...49fc;OK;86|@josoffconcepts|@josephmandel|0xb13b...49fc
87;@obehsunday44178;@happinessml;0xb14b...87bf;OK;87|@obehsunday44178|@happinessml|0xb14b...87bf
88;@bullished1;@adewaleseh;0x7fd0...93d2;OK;88|@bullished1|@adewaleseh|0x7fd0...93d2
89;@sindiemie;@imgorgeousyeah;0x4b99...f8a6;OK;89|@sindiemie|@imgorgeousyeah|0x4b99...f8a6
90;@inufelemuni1;@inufelemuni1;0xae3d...460f;OK;90|@inufelemuni1|@inufelemuni1|0xae3d...460f
91;@zaunt4;@obehana;0x2608...8099;OK;91|@zaunt4|@obehana|0x2608...8099
92;@jcannadie;@happyoml;0x345f...46b6;OK;92|@jcannadie|@happyoml|0x345f...46b6
93;@uangdroid2805;@uangdroid98;0x92f9...b83b;OK;93|@uangdroid2805|@uangdroid98|0x92f9...b83b
94;@giande0;@gian1857;0x60cc...00db;OK;94|@giande0|@gian1857|0x60cc...00db
95;@akunx366080;@rflyyy12;0x2338...2239;OK;95|@akunx366080|@rflyyy12|0x2338...2239
96;@hamsetya;@ilhamsett;0x8927...4816;OK;96|@hamsetya|@ilhamsett|0x8927...4816
97;@jalianalya;@konhoki1;0xbc90...cf40;OK;97|@jalianalya|@konhoki1|0xbc90...cf40
98;@avetetsu_14;@animecryptoo;0xc3a8...29cf;OK;98|@avetetsu_14|@animecryptoo|0xc3a8...29cf
99;@macd1148;@godson1313vayla;0x32cf...b2e3;OK;99|@macd1148|@godson1313vayla|0x32cf...b2e3
100;@olaseunny;@luckybit1;0x74e1...62ea;OK;100|@olaseunny|@luckybit1|0x74e1...62ea
101;@veliza7_;@veliza93;0x8acf...7934;OK;101|@veliza7_|@veliza93|0x8acf...7934
102;@lanretimmy;@lanretimmy;0x3bd5...ca41;OK;102|@lanretimmy|@lanretimmy|0x3bd5...ca41
103;@simuj17;@khotibsaban;0x4bb8...b8b9;OK;103|@simuj17|@khotibsaban|0x4bb8...b8b9
104;@azzumabwhb;@tzuyoung;0xd2b0...f733;OK;104|@azzumabwhb|@tzuyoung|0xd2b0...f733
105;@bullsrn;@bullsrn;0xdad6...ff8b;OK;105|@bullsrn|@bullsrn|0xdad6...ff8b
106;@cam_pierce14;@kitttyyyong;0x923a...f3ea;OK;106|@cam_pierce14|@kitttyyyong|0x923a...f3ea
107;@myrtliciousdvo;@xyz_shadow;0x6d08...d70b;OK;107|@myrtliciousdvo|@xyz_shadow|0x6d08...d70b
108;@arifferdiana;@arifferdiana;0x5ae3...3580;OK;108|@arifferdiana|@arifferdiana|0x5ae3...3580
109;@perolas776;@ldong9;0x129f...384a;OK;109|@perolas776|@ldong9|0x129f...384a
110;@famiisky;@damabiye;0xf66b...110d;OK;110|@famiisky|@damabiye|0xf66b...110d
111;@arton_op;@op_sunggu;0x1390...e8d2;OK;111|@arton_op|@op_sunggu|0x1390...e8d2
112;@asifikaika;@pushhi;0x83c2...f943;OK;112|@asifikaika|@pushhi|0x83c2...f943
113;@cesar_ks26;@santokely_c;0xb6a2...75fb;OK;113|@cesar_ks26|@santokely_c|0xb6a2...75fb
114;@jondidan;@masifex;0x7b15...75d0;OK;114|@jondidan|@masifex|0x7b15...75d0
115;@apes_maniac;@b1gb0s;0x5253...8bce;OK;115|@apes_maniac|@b1gb0s|0x5253...8bce
116;@haniff_28;@admairdrophunter;0x7396...a890;OK;116|@haniff_28|@admairdrophunter|0x7396...a890
117;@burger_czz;@eth_burger;0x34a8...8eb4;OK;117|@burger_czz|@eth_burger|0x34a8...8eb4
118;@ayubamartins1;@mart218;0xee94...3802;OK;118|@ayubamartins1|@mart218|0xee94...3802
119;@jihan_malaika;@putrimutiara1;0x5670...8380;OK;119|@jihan_malaika|@putrimutiara1|0x5670...8380
120;@kaisar_swareg;@swaregst17;0x245c...37e2;OK;120|@kaisar_swareg|@swaregst17|0x245c...37e2
121;@herxclency;@herxclency;0x4b16...a786;OK;121|@herxclency|@herxclency|0x4b16...a786
122;@babsofla1;@babstheking1;0xe8a5...690e;OK;122|@babsofla1|@babstheking1|0xe8a5...690e
123;@citrasatelit81;@kenchin47;0xbe03...10d4;OK;123|@citrasatelit81|@kenchin47|0xbe03...10d4
124;@samuelposs39287;@posh258;0x7a7d...94dc;OK;124|@samuelposs39287|@posh258|0x7a7d...94dc
125;@roxanne15saad;@skylark_xyz;0x8081...af48;OK;125|@roxanne15saad|@skylark_xyz|0x8081...af48
126;@pulpyshallwe;@joshiejoe;0x559b...f1ac;OK;126|@pulpyshallwe|@joshiejoe|0x559b...f1ac
127;@oluwafejosh;@sundae_cnft;0x1bfd...c017;OK;127|@oluwafejosh|@sundae_cnft|0x1bfd...c017
128;@kholil_lathif;@kholillathif;0x2fda...870b;OK;128|@kholil_lathif|@kholillathif|0x2fda...870b
129;@bodeolaose4433;@kelvey001;0xa90a...7a2f;OK;129|@bodeolaose4433|@kelvey001|0xa90a...7a2f
130;@jerry_joseph01;@khunmex16;0x44e0...f4fd;OK;130|@jerry_joseph01|@khunmex16|0x44e0...f4fd
131;@lil_krypt;@krypt_dawg;0x3167...8097;OK;131|@lil_krypt|@krypt_dawg|0x3167...8097
132;@essaonxy;@essaonx;0x07bb...a0f1;OK;132|@essaonxy|@essaonx|0x07bb...a0f1
133;@keralove144349;@sengkugod9;0x67b9...7512;OK;133|@keralove144349|@sengkugod9|0x67b9...7512
134;@_legend001;@legendary014;0x086f...badd;OK;134|@_legend001|@legendary014|0x086f...badd
135;@bhilde69448;@kingyhwach1;0x3dd3...da4b;OK;135|@bhilde69448|@kingyhwach1|0x3dd3...da4b
136;@kelv_evox;@kelvey01;0xd696...c0fc;OK;136|@kelv_evox|@kelvey01|0xd696...c0fc
137;@icejjuice;@vinividivici20;0x649c...5da6;OK;137|@icejjuice|@vinividivici20|0x649c...5da6
138;@dreadedgee9;@merryluca;0x7ca5...8d37;OK;138|@dreadedgee9|@merryluca|0x7ca5...8d37
139;@1_artistry;@astro_artistry1;0x8d9d...b8e5;OK;139|@1_artistry|@astro_artistry1|0x8d9d...b8e5
140;@deviantcorp99;@deviantcorp99;0x773a...96b6;OK;140|@deviantcorp99|@deviantcorp99|0x773a...96b6
141;@carolinerr91;@breadedg;0x75b0...1964;OK;141|@carolinerr91|@breadedg|0x75b0...1964
142;@carleyshim6;@billieeilishoffice;0xf030...fa68;OK;142|@carleyshim6|@billieeilishoffice|0xf030...fa68
143;@murdocktho1;@franciscomachine;0xf29d...1d1f;OK;143|@murdocktho1|@franciscomachine|0xf29d...1d1f
144;@zonxmulu;@gunturaldi07;0x7701...6e0a;OK;144|@zonxmulu|@gunturaldi07|0x7701...6e0a
145;@cannadyjas2;@faithfulfull;0x385a...5f76;OK;145|@cannadyjas2|@faithfulfull|0x385a...5f76
146;@ogewustone3;@alaskamaya;0x9292...a7ea;OK;146|@ogewustone3|@alaskamaya|0x9292...a7ea
147;@elijah_nwo83661;@bigeli45;0x69b6...36cd;OK;147|@elijah_nwo83661|@bigeli45|0x69b6...36cd
148;@horseaman1;@lewishamiltonn01;0xda66...1fb7;OK;148|@horseaman1|@lewishamiltonn01|0xda66...1fb7
149;@tory_legal;@martinbrambachh;0x8545...c47e;OK;149|@tory_legal|@martinbrambachh|0x8545...c47e
150;@baejaw_nft;@somebae;0xc7cb...31e1;OK;150|@baejaw_nft|@somebae|0xc7cb...31e1
151;@iksanmuh1100;@muhiksn;0xed91...b71f;OK;151|@iksanmuh1100|@muhiksn|0xed91...b71f
152;@yuyithaperezmap;@zzaunteee;0xc539...d5e8;OK;152|@yuyithaperezmap|@zzaunteee|0xc539...d5e8
153;@cyberdropeth;@gilang034;0x9498...b9c9;OK;153|@cyberdropeth|@gilang034|0x9498...b9c9
154;@suprwondrwoman;@floriansilbereisenoffice1;0x9a30...848b;OK;154|@suprwondrwoman|@floriansilbereisenoffice1|0x9a30...848b
155;@baudonewin369;@febriramdhani;0xce80...7250;OK;155|@baudonewin369|@febriramdhani|0xce80...7250
156;@caytrudiennhat;@tosudatma;0xf2bf...ea13;OK;156|@caytrudiennhat|@tosudatma|0xf2bf...ea13
157;@zilvazilvanii;@zilvazilvani;0x0952...acbf;OK;157|@zilvazilvanii|@zilvazilvani|0x0952...acbf
158;@manggastrow;@stroberimanggai;0xf31b...ef89;OK;158|@manggastrow|@stroberimanggai|0xf31b...ef89
159;@mumsitohhzr;@mumsitoh;0x03bd...575c;OK;159|@mumsitohhzr|@mumsitoh|0x03bd...575c
160;@kellzya15;@kellysatu;0x680f...38f3;OK;160|@kellzya15|@kellysatu|0x680f...38f3
161;@nagasalakat;@salaknaga;0x1bfe...45b0;OK;161|@nagasalakat|@salaknaga|0x1bfe...45b0
162;@moeyysitiloc;@sitillimoey;0xd589...752d;OK;162|@moeyysitiloc|@sitillimoey|0xd589...752d
163;@tarakeia36;@keitharasatu;0x6cb3...ae97;OK;163|@tarakeia36|@keitharasatu|0x6cb3...ae97
164;@nurrahmon;@mdnuras;0xafbc...5f33;OK;164|@nurrahmon|@mdnuras|0xafbc...5f33
165;@kajeeshha;@revallynkajesha;0x86fc...4d93;OK;165|@kajeeshha|@revallynkajesha|0x86fc...4d93
166;@kiesyaf18;@keisysatu;0x96e0...9c0e;OK;166|@kiesyaf18|@keisysatu|0x96e0...9c0e
167;@joclaiya15;@jocelayara;0x10df...3063;OK;167|@joclaiya15|@jocelayara|0x10df...3063
168;@jennaypol78l;@jenndua;0x8c7b...d4db;OK;168|@jennaypol78l|@jenndua|0x8c7b...d4db
169;@jeinje42;@jenayaelara;0xa0d9...85be;OK;169|@jeinje42|@jenayaelara|0xa0d9...85be
170;@jamiala13;@jamalajedah;0x8651...38cf;OK;170|@jamiala13|@jamalajedah|0x8651...38cf
171;@maaddalaa;@ravelamadala;0x366b...e967;OK;171|@maaddalaa|@ravelamadala|0x366b...e967
172;@ireyabe12;@ieyebe;0x466b...7a53;OK;172|@ireyabe12|@ieyebe|0x466b...7a53
173;@indrayantinv;@rahmafin;0x96d1...09d2;OK;173|@indrayantinv|@rahmafin|0x96d1...09d2
174;@rasanjayya;@putrisan6;0x2fd1...b464;OK;174|@rasanjayya|@putrisan6|0x2fd1...b464
175;@popolpengg;@penggantipopol;0xe6d9...0da2;OK;175|@popolpengg|@penggantipopol|0xe6d9...0da2
176;@meongpan;@pandameong;0x92d3...b2e7;OK;176|@meongpan|@pandameong|0x92d3...b2e7
177;@twetterx5;@acilpiw10;0x65b9...ba04;OK;177|@twetterx5|@acilpiw10|0x65b9...ba04
178;@hespitina38;@hestiwsa;0x2125...f8a5;OK;178|@hespitina38|@hestiwsa|0x2125...f8a5
179;@archietecture1;@jimmyk77;0xc3c3...33ef;OK;179|@archietecture1|@jimmyk77|0xc3c3...33ef
180;@galakoww;@owiesigalak;0x6164...1320;OK;180|@galakoww|@owiesigalak|0x6164...1320
181;@tressnaku;@opoananetresnaku;0xf183...64e5;OK;181|@tressnaku|@opoananetresnaku|0xf183...64e5
182;@muehehenyi;@nyinyoh;0x4dd0...75c0;OK;182|@muehehenyi|@nyinyoh|0x4dd0...75c0
183;@diandrranur;@nurdiandragustian;0xd0b9...1269;OK;183|@diandrranur|@nurdiandragustian|0xd0b9...1269
184;@terserhhwo;@ninaterserah;0x19c2...2392;OK;184|@terserhhwo|@ninaterserah|0x19c2...2392
185;@roi_small;@bwaone;0x3245...86af;OK;185|@roi_small|@bwaone|0x3245...86af
186;@qyeruzu;@gelaspecahku;0x78f3...c97e;OK;186|@qyeruzu|@gelaspecahku|0x78f3...c97e
187;@yeoonpopp;@nnayeonpopp;0x29d8...517a;OK;187|@yeoonpopp|@nnayeonpopp|0x29d8...517a
188;@inkanaptr;@nayarainkana;0x3f04...568e;OK;188|@inkanaptr|@nayarainkana|0x3f04...568e
189;@urannau;@nauraaa28;0x7493...6653;OK;189|@urannau|@nauraaa28|0x7493...6653
190;@dodet7171;@dodet31;0xde93...bfdd;OK;190|@dodet7171|@dodet31|0xde93...bfdd
191;@febbiannarv;@nathasyafebiana;0xcac0...c832;OK;191|@febbiannarv|@nathasyafebiana|0xcac0...c832
192;@lashawnhauben97;@rizq1707;0x68c4...525f;OK;192|@lashawnhauben97|@rizq1707|0x68c4...525f
193;@defass1402;@defaz1402;0x6ab8...c0d5;OK;193|@defass1402|@defaz1402|0x6ab8...c0d5
194;@johnsmithhu6t;@dedbad200;0x4728...a22c;OK;194|@johnsmithhu6t|@dedbad200|0x4728...a22c
195;@ychanamy;@navmycha;0xfcc5...4337;OK;195|@ychanamy|@navmycha|0xfcc5...4337
196;@qiyyanii;@nalitaaqiyani;0xbe8b...5b57;OK;196|@qiyyanii|@nalitaaqiyani|0xbe8b...5b57
197;@zahrranisazz;@nalikazhra;0x5146...7e26;OK;197|@zahrranisazz|@nalikazhra|0x5146...7e26
198;@luttvvidp;@nadyalutvi;0x7493...6652;OK;198|@luttvvidp|@nadyalutvi|0x7493...6652
199;@fyucchaa;@mviyucha;0xcac0...c831;OK;199|@fyucchaa|@mviyucha|0xcac0...c831
200;@ournnemel95;@melvourne0;0xfcc5...4336;OK;200|@ournnemel95|@melvourne0|0xfcc5...4336
201;@pputtihhh;@melonputih8;0xbe8b...5b56;OK;201|@pputtihhh|@melonputih8|0xbe8b...5b56
202;@rektguyxbt;@rektguyz;0x6d7b...f229;OK;202|@rektguyxbt|@rektguyz|0x6d7b...f229
203;@0xstandown;@oxdwhen;0x0097...a07e;OK;203|@0xstandown|@oxdwhen|0x0097...a07e
204;@olovevvlyy;@mellaloveely;0x5146...7e25;OK;204|@olovevvlyy|@mellaloveely|0x5146...7e25
205;@iaalicyya;@maurinealicya;0xa6b5...1901;OK;205|@iaalicyya|@maurinealicya|0xa6b5...1901
206;@unggniss;@nismangga;0x7493...6651;OK;206|@unggniss|@nismangga|0x7493...6651
207;@bddkerttii;@mahesabd;0xcac0...c830;OK;207|@bddkerttii|@mahesabd|0xcac0...c830
208;@aersyakk;@cindydyi;0xd3ed...6a9a;OK;208|@aersyakk|@cindydyi|0xd3ed...6a9a
209;@aircastervs;@gitgwei;0x888f...f05f;OK;209|@aircastervs|@gitgwei|0x888f...f05f
210;@rizmay32;@rizemay;0x4a7f...9ff9;OK;210|@rizmay32|@rizemay|0x4a7f...9ff9
211;@kaddixxy;@luciennadixcy;0xfcc5...4335;OK;211|@kaddixxy|@luciennadixcy|0xfcc5...4335
212;@jbellonna;@louisabelona;0xbe8b...5b55;OK;212|@jbellonna|@louisabelona|0xbe8b...5b55
213;@hcaanttik;@liyaacantikk;0x5146...7e24;OK;213|@hcaanttik|@liyaacantikk|0x5146...7e24
214;@gtqqyanii;@ikanbila;0xa6b5...1900;OK;214|@gtqqyanii|@ikanbila|0xa6b5...1900
215;@pamandazezc;@zezazul;0x5d0d...0367;OK;215|@pamandazezc|@zezazul|0x5d0d...0367
216;@trazeyyalt;@zeyalstra;0x63fc...8fb3;OK;216|@trazeyyalt|@zeyalstra|0x63fc...8fb3
217;@siffayuuuaf;@yuanasiffa;0x6f3b...ce5c;OK;217|@siffayuuuaf|@yuanasiffa|0x6f3b...ce5c
218;@airesyerralg;@yeraaires;0x2325...4053;OK;218|@airesyerralg|@yeraaires|0x2325...4053
219;@yantisamikr;@yantisami;0xf4d3...dddc;OK;219|@yantisamikr|@yantisami|0xf4d3...dddc
220;@kicikkwoyoev;@woyoungkicik;0x3c5b...34ff;OK;220|@kicikkwoyoev|@woyoungkicik|0x3c5b...34ff
221;@bhellwouyx;@whoubhel;0x2ef1...fb0d;OK;221|@bhellwouyx|@whoubhel|0x2ef1...fb0d
222;@pratamatamz;@kk_adt;0x9473...e5af;OK;222|@pratamatamz|@kk_adt|0x9473...e5af
223;@junitalittxx;@ancia3;0x86ff...498f;OK;223|@junitalittxx|@ancia3|0x86ff...498f
224;@duattaies;@funcheal;0xb8cf...da72;OK;224|@duattaies|@funcheal|0xb8cf...da72
225;@vianasyylyhk;@golebikhar;0x4510...771f;OK;225|@vianasyylyhk|@golebikhar|0x4510...771f
226;@dodiskrnt;@papisola;0x9c8d...761f;OK;226|@dodiskrnt|@papisola|0x9c8d...761f
227;@amazonsungfno;@spartons_x;0xc5fe...7f71;OK;227|@amazonsungfno|@spartons_x|0xc5fe...7f71
228;@fbolmem;@sparta_6;0x19ff...abe1;OK;228|@fbolmem|@sparta_6|0x19ff...abe1
229;@sirfitoo;@alfitoms;0x36fb...5567;OK;229|@sirfitoo|@alfitoms|0x36fb...5567
230;@philipawingu;@winniepillie;0xb348...a853;OK;230|@philipawingu|@winniepillie|0xb348...a853
231;@sariahviooq;@violasariah;0x18ff...ca40;OK;231|@sariahviooq|@violasariah|0x18ff...ca40
232;@ryeviffjn;@vifjrye;0x2445...bbfa;OK;232|@ryeviffjn|@vifjrye|0x2445...bbfa
233;@yurvebrq;@vebryur;0x3ac9...31db;OK;233|@yurvebrq|@vebryur|0x3ac9...31db
234;@tahutumbassk;@tumbastahu;0x0208...f993;OK;234|@tahutumbassk|@tumbastahu|0x0208...f993
235;@ovywidya;@zerra1993;0xb714...9191;OK;235|@ovywidya|@zerra1993|0xb714...9191
236;@cassidy_yes4;@baim_4;0x14f6...71f8;OK;236|@cassidy_yes4|@baim_4|0x14f6...71f8
237;@radzshinwoo;@radzshinwoo;0x0600...60cc;OK;237|@radzshinwoo|@radzshinwoo|0x0600...60cc
238;@budakjalanan123;@aingadji;0xf2a0...1e97;OK;238|@budakjalanan123|@aingadji|0xf2a0...1e97
239;@alvarzai;@angelizahe;0x40e2...0b65;OK;239|@alvarzai|@angelizahe|0x40e2...0b65
240;@kowakowoh;@huseinkedua;0x1159...cd96;OK;240|@kowakowoh|@huseinkedua|0x1159...cd96
241;@adindacou;@zyesavira;0x3951...058c;OK;241|@adindacou|@zyesavira|0x3951...058c
242;@jewelrygem1;@xiakaymia;0xc5d0...b3e1;OK;242|@jewelrygem1|@xiakaymia|0xc5d0...b3e1
243;@henamanika;@henamanika;0x67f2...ab05;OK;243|@henamanika|@henamanika|0x67f2...ab05
244;@owngarry;@tianaseva;0x8483...38a2;OK;244|@owngarry|@tianaseva|0x8483...38a2
245;@isla21394360568;@laespadeta;0x3546...dba7;OK;245|@isla21394360568|@laespadeta|0x3546...dba7
246;@lewis_nao;@lewisnao;0xbc28...b19e;OK;246|@lewis_nao|@lewisnao|0xbc28...b19e
247;@snita9304;@sirenmalikaa;0x9a6f...a1bb;OK;247|@snita9304|@sirenmalikaa|0x9a6f...a1bb
248;@oxsair;@gwgatauu;0xff3a...c209;OK;248|@oxsair|@gwgatauu|0xff3a...c209
249;@nawatnawat34395;@evvelyn_lln;0x8d32...2fc6;OK;249|@nawatnawat34395|@evvelyn_lln|0x8d32...2fc6
250;@shenitaaulia;@shenitaaulia;0x8827...4bd8;OK;250|@shenitaaulia|@shenitaaulia|0x8827...4bd8
251;@ningsihsetya7;@ningsihsetyaa;0xd605...62a6;OK;251|@ningsihsetya7|@ningsihsetyaa|0xd605...62a6
252;@septianana18;@septian4na;0xafb1...53eb;OK;252|@septianana18|@septian4na|0xafb1...53eb
253;@suebwormhole;@yubxet;0xaa9c...7563;OK;253|@suebwormhole|@yubxet|0xaa9c...7563
254;@lesfanisa;@lesfanisa;0xf54d...3bb2;OK;254|@lesfanisa|@lesfanisa|0xf54d...3bb2
255;@geaveara;@lelebesar;0x7ce6...748c;OK;255|@geaveara|@lelebesar|0x7ce6...748c
256;@walking7981;@fuadharun888;0x1090...34b7;OK;256|@walking7981|@fuadharun888|0x1090...34b7
257;@benediktaluna;@benediktaluna;0x231a...98dc;OK;257|@benediktaluna|@benediktaluna|0x231a...98dc
258;@lwhudgins;@lwhudgins;0x46b8...7ec8;OK;258|@lwhudgins|@lwhudgins|0x46b8...7ec8
259;@poskani;@manopokesya;0x9dcd...f412;OK;259|@poskani|@manopokesya|0x9dcd...f412
260;@xuwulynn96039;@aegisdgh;0x0999...052b;OK;260|@xuwulynn96039|@aegisdgh|0x0999...052b
261;@ainamasayu;@ainamasayu;0x23a3...0d36;OK;261|@ainamasayu|@ainamasayu|0x23a3...0d36
262;@0xyanssfr;@yanss007;0xe747...0ae7;OK;262|@0xyanssfr|@yanss007|0xe747...0ae7
263;@dzikrarafii;@rafiidzikra;0x1103...d15d;OK;263|@dzikrarafii|@rafiidzikra|0x1103...d15d
264;@nicoleb11570030;@fundalisme;0xc0b0...c56f;OK;264|@nicoleb11570030|@fundalisme|0xc0b0...c56f
265;@jennykias;@miranoera;0x85ee...9471;OK;265|@jennykias|@miranoera|0x85ee...9471
266;@woodssmallman;@tryiits;0xcc5e...50f5;OK;266|@woodssmallman|@tryiits|0xcc5e...50f5
267;@deaalenka;@deaalenka;0xb3e3...efea;OK;267|@deaalenka|@deaalenka|0xb3e3...efea
268;@elianagrace8758;@elianagrace8758;0x405b...ec2d;OK;268|@elianagrace8758|@elianagrace8758|0x405b...ec2d
269;@chloemilya;@chloemilya;0xa7b1...6a40;OK;269|@chloemilya|@chloemilya|0xa7b1...6a40
270;@clairestefany1;@clairestefany;0x671b...e913;OK;270|@clairestefany1|@clairestefany|0x671b...e913
271;@nea_polim;@inoyic;0xa6e8...a245;OK;271|@nea_polim|@inoyic|0xa6e8...a245
272;@shiromakano;@biancayasla;0x7827...5f81;OK;272|@shiromakano|@biancayasla|0x7827...5f81
273;@keisyarina;@chopernami;0x7087...2e5f;OK;273|@keisyarina|@chopernami|0x7087...2e5f
274;@ajstyesisbest;@oxmanu27;0xdabf...39d2;OK;274|@ajstyesisbest|@oxmanu27|0xdabf...39d2
275;@aqilanafsah;@aqilanafsah;0xe988...9b91;OK;275|@aqilanafsah|@aqilanafsah|0xe988...9b91
276;@hestylasia;@bandilofa;0x7723...668c;OK;276|@hestylasia|@bandilofa|0x7723...668c
277;@velabellsa;@goodtimehere;0x19df...f1d2;OK;277|@velabellsa|@goodtimehere|0x19df...f1d2
278;@rukeshsambath;@maximustargaryen;0xd3ae...0cb9;OK;278|@rukeshsambath|@maximustargaryen|0xd3ae...0cb9
279;@minhajur_753;@minhajur753;0x377c...1a56;OK;279|@minhajur_753|@minhajur753|0x377c...1a56
280;@dedetrip111;@dedetp;0x6939...bc44;OK;280|@dedetrip111|@dedetp|0x6939...bc44
281;@raditniawan;@azikial;0xaaec...f30f;OK;281|@raditniawan|@azikial|0xaaec...f30f
282;@markus_avdeev;@specials_person;0x649d...887e;OK;282|@markus_avdeev|@specials_person|0x649d...887e
283;@0xdokt;@dokyhoky;0x0000...84c6;OK;283|@0xdokt|@dokyhoky|0x0000...84c6
284;@bhazingan;@reansky;0x772e...467b;OK;284|@bhazingan|@reansky|0x772e...467b
285;@reansykes;@reansykes;0x52b7...0b2e;OK;285|@reansykes|@reansykes|0x52b7...0b2e
286;@cryptolover109;@naim112234;0x153f...0b9c;OK;286|@cryptolover109|@naim112234|0x153f...0b9c
287;@aozora_0390;@aozora_0390;0x4614...29fb;OK;287|@aozora_0390|@aozora_0390|0x4614...29fb
288;@pacerxbt;@jayjaygee_17;0x2937...03e7;OK;288|@pacerxbt|@jayjaygee_17|0x2937...03e7
289;@yuliku15;@babyboysku;0x09a6...db08;OK;289|@yuliku15|@babyboysku|0x09a6...db08
290;@ubetsjvz99;@ubet_12;0x58e6...0b57;OK;290|@ubetsjvz99|@ubet_12|0x58e6...0b57
291;@prengganis27;@rengganisofficial;0x4215...fd30;OK;291|@prengganis27|@rengganisofficial|0x4215...fd30
292;@oxflapone01;@harlan27;0x149c...9a95;OK;292|@oxflapone01|@harlan27|0x149c...9a95
293;@maryamm26004;@pastlifeone;0xbe43...2585;OK;293|@maryamm26004|@pastlifeone|0xbe43...2585
294;@alma_fbrynt;@acchunt;0x04c1...2cd3;OK;294|@alma_fbrynt|@acchunt|0x04c1...2cd3
295;@daneshbahar1;@zzareiiiii;0x0364...c1bd;OK;295|@daneshbahar1|@zzareiiiii|0x0364...c1bd
296;@justing1545157;@shaghighat90;0x4d91...98bf;OK;296|@justing1545157|@shaghighat90|0x4d91...98bf
297;@zaynrae05;@zaynrae;0xaf33...56ac;OK;297|@zaynrae05|@zaynrae|0xaf33...56ac
298;@zihan_kalism;@zihankalisma;0xaf71...51df;OK;298|@zihan_kalism|@zihankalisma|0xaf71...51df
299;@tomhanks_fan1;@ssarmady;0x4e62...f282;OK;299|@tomhanks_fan1|@ssarmady|0x4e62...f282
300;@fahmiikball;@manusiasawit;0x1dae...02e7;OK;300|@fahmiikball|@manusiasawit|0x1dae...02e7
301;@upleck;@upleck;0x507c...b707;OK;301|@upleck|@upleck|0x507c...b707
302;@adit004003;@edi004;0x6e3f...cd39;OK;302|@adit004003|@edi004|0x6e3f...cd39
303;@johndavids41353;@raider_210;0x07be...ef0a;OK;303|@johndavids41353|@raider_210|0x07be...ef0a
304;@denisaditia15;@denisaditia04;0x8e58...f7eb;OK;304|@denisaditia15|@denisaditia04|0x8e58...f7eb
305;@mpilerood77;@moo1610;0x0252...c768;OK;305|@mpilerood77|@moo1610|0x0252...c768
306;@demfaucet96887;@deman071;0x13b6...91cd;OK;306|@demfaucet96887|@deman071|0x13b6...91cd
307;@asfouni;@afsane_heydar;0x8c41...101e;OK;307|@asfouni|@afsane_heydar|0x8c41...101e
308;@ghazal_1493;@ghazalhgt;0x3b1e...73f8;OK;308|@ghazal_1493|@ghazalhgt|0x3b1e...73f8
309;@abd37186;@rohmanalhawasy;0x187e...501a;OK;309|@abd37186|@rohmanalhawasy|0x187e...501a
310;@aydirkuh;@fooorbiden;0x773c...a60c;OK;310|@aydirkuh|@fooorbiden|0x773c...a60c
311;@reem32672529;@ahusf02;0x4b5f...4b73;OK;311|@reem32672529|@ahusf02|0x4b5f...4b73
312;@gober09871466;@clayid56;0x8184...f552;OK;312|@gober09871466|@clayid56|0x8184...f552
313;@kememb85712;@jfxxx13;0xe53a...adad;OK;313|@kememb85712|@jfxxx13|0xe53a...adad
314;@arjunaishida091;@baginda09;0x573b...59ff;OK;314|@arjunaishida091|@baginda09|0x573b...59ff
315;@smilobase;@theshiash;0xa00c...f947;OK;315|@smilobase|@theshiash|0xa00c...f947
316;@agiel_0x;@seania_13;0x628f...4e4d;OK;316|@agiel_0x|@seania_13|0x628f...4e4d
317;@kokonaw17;@helloman070;0xbf53...9efa;OK;317|@kokonaw17|@helloman070|0xbf53...9efa
318;@mirexylon;@mirexlon;0xaa52...6641;OK;318|@mirexylon|@mirexlon|0xaa52...6641
319;@malingkucing12;@sayutimalix;0x3acd...2107;OK;319|@malingkucing12|@sayutimalix|0x3acd...2107
320;@albgym21;@mohammadgh19;0x0329...f37b;OK;320|@albgym21|@mohammadgh19|0x0329...f37b
321;@indi07300;@jaelanimas747;0xba90...8db7;OK;321|@indi07300|@jaelanimas747|0xba90...8db7
322;@iday_160397;@iday_1603;0x95ea...eaf4;OK;322|@iday_160397|@iday_1603|0x95ea...eaf4
323;@yogi_smtr;@yogismtr;0xbed8...0802;OK;323|@yogi_smtr|@yogismtr|0xbed8...0802
324;@x919919x;@xdotter;0x11b9...8a10;OK;324|@x919919x|@xdotter|0x11b9...8a10
325;@omidgul11;@minamandegare;0x4daf...4e93;OK;325|@omidgul11|@minamandegare|0x4daf...4e93
326;@nilakter8348;@soraiya99;0xec6a...5a2b;OK;326|@nilakter8348|@soraiya99|0xec6a...5a2b
327;@0xemad52;@emad5201;0x91ac...ad7a;OK;327|@0xemad52|@emad5201|0x91ac...ad7a
328;@r_ria2;@nahar768;0x198a...2bd5;OK;328|@r_ria2|@nahar768|0x198a...2bd5
329;@johngom71209530;@johngmz;0xdfbe...203c;OK;329|@johngom71209530|@johngmz|0xdfbe...203c
330;@joygaol;@joygaol;0xbd98...97b1;OK;330|@joygaol|@joygaol|0xbd98...97b1
331;@mokamel62839074;@mokamel94;0x554b...72b4;OK;331|@mokamel62839074|@mokamel94|0x554b...72b4
332;@muhaimintphp;@muhaimintphp;0x4845...e37c;OK;332|@muhaimintphp|@muhaimintphp|0x4845...e37c
333;@zealycenter;@mamun768;0xad99...3919;OK;333|@zealycenter|@mamun768|0xad99...3919
334;@alphacointrail;@nurfajri880;0x0bd4...8618;OK;334|@alphacointrail|@nurfajri880|0x0bd4...8618
335;@tamunopococ85;@inyanabo;0xcbdc...b4fd;OK;335|@tamunopococ85|@inyanabo|0xcbdc...b4fd
336;@rajakhan1714777;@rasal312;0xc81d...6c38;OK;336|@rajakhan1714777|@rasal312|0xc81d...6c38
337;@mima000177;@unfinishedday;0x18ac...3b7d;OK;337|@mima000177|@unfinishedday|0x18ac...3b7d
338;@meysamcz;@me22822;0xa3e1...c479;OK;338|@meysamcz|@me22822|0xa3e1...c479
339;@tasyaoktavk4i;@ohmyway14;0xe142...6fbf;OK;339|@tasyaoktavk4i|@ohmyway14|0xe142...6fbf
340;@solomonfanose;@habtesillassie;0x08cd...b193;OK;340|@solomonfanose|@habtesillassie|0x08cd...b193
341;@fineanfil;@anfilfine;0xd5f4...36d2;OK;341|@fineanfil|@anfilfine|0xd5f4...36d2
342;@cryptonova84196;@adhikary70;0x9fa8...e9de;OK;342|@cryptonova84196|@adhikary70|0x9fa8...e9de
343;@rudeeprangika;@wimal1234;0x0d9a...c1c0;OK;343|@rudeeprangika|@wimal1234|0x0d9a...c1c0
344;@iqbalv3c;@itech407;0xefa1...bd16;OK;344|@iqbalv3c|@itech407|0xefa1...bd16
345;@imrankhan252308;@hmikg;0x3122...f2de;OK;345|@imrankhan252308|@hmikg|0x3122...f2de
