"DrawRank";"WinnerStatus";"EntryId";"PublicXUsername";"PublicTelegramUsername";"WalletMasked";"PublicStatus";"DrawInput";"RandomScore"
"1";"WINNER";"45";"@ransanama";"@uraktd";"0xd030...1723";"OK";"0x8826cb4f8553f7cb568fe1969e7951ed26e327ffadde0d70808bfd1976d5738f|45|@ransanama|@uraktd|0xd030...1723";"00071b6083168e8ccd657d1f9bc6e70f62a722ef1622e22e86647fef6fbaafb8"
"2";"WINNER";"108";"@arifferdiana";"@arifferdiana";"0x5ae3...3580";"OK";"0x8826cb4f8553f7cb568fe1969e7951ed26e327ffadde0d70808bfd1976d5738f|108|@arifferdiana|@arifferdiana|0x5ae3...3580";"012f86db7d03a8cb934f2221734f690168bbeec036ca3d39153feab69cd85001"
"3";"WINNER";"143";"@murdocktho1";"@franciscomachine";"0xf29d...1d1f";"OK";"0x8826cb4f8553f7cb568fe1969e7951ed26e327ffadde0d70808bfd1976d5738f|143|@murdocktho1|@franciscomachine|0xf29d...1d1f";"015a6400bc2aa62b867de6ab8f872bc2ee92f5d426b10828ed2e0f329e31ded4"
"4";"WINNER";"140";"@deviantcorp99";"@deviantcorp99";"0x773a...96b6";"OK";"0x8826cb4f8553f7cb568fe1969e7951ed26e327ffadde0d70808bfd1976d5738f|140|@deviantcorp99|@deviantcorp99|0x773a...96b6";"018de186a95b30e1d957da02769b7b4baa855730552018ddb1b6ff6e544dd689"
"5";"WINNER";"171";"@maaddalaa";"@ravelamadala";"0x366b...e967";"OK";"0x8826cb4f8553f7cb568fe1969e7951ed26e327ffadde0d70808bfd1976d5738f|171|@maaddalaa|@ravelamadala|0x366b...e967";"03b0579d29e16db09a1f39d591329447b213c5ec3e496d8165da758386bd813e"
"6";"WINNER";"87";"@obehsunday44178";"@happinessml";"0xb14b...87bf";"OK";"0x8826cb4f8553f7cb568fe1969e7951ed26e327ffadde0d70808bfd1976d5738f|87|@obehsunday44178|@happinessml|0xb14b...87bf";"03d5b2a6bcf2ebcc9df21bcecdae118b8b0db2585ea596929b5e7e2feed42c54"
"7";"WINNER";"44";"@bismillahcuanx";"@bismillahcuanx";"0xa0fb...7410";"OK";"0x8826cb4f8553f7cb568fe1969e7951ed26e327ffadde0d70808bfd1976d5738f|44|@bismillahcuanx|@bismillahcuanx|0xa0fb...7410";"04a10030a5d56c09fb007de4bbf3972c69e9d8cf192b8f529c19883f737afa97"
"8";"WINNER";"81";"@delben096";"@aybenzy";"0xda1a...c33d";"OK";"0x8826cb4f8553f7cb568fe1969e7951ed26e327ffadde0d70808bfd1976d5738f|81|@delben096|@aybenzy|0xda1a...c33d";"0717203b8b19b640359a2f14f67bd21027adc44e4dbeeb8c4716b7d46afd1efb"
"9";"WINNER";"235";"@ovywidya";"@zerra1993";"0xb714...9191";"OK";"0x8826cb4f8553f7cb568fe1969e7951ed26e327ffadde0d70808bfd1976d5738f|235|@ovywidya|@zerra1993|0xb714...9191";"07ed6a671b16b2249abd11af0a5e6dd2dafc28234f4be25999dbb47aa7377cc5"
"10";"WINNER";"304";"@denisaditia15";"@denisaditia04";"0x8e58...f7eb";"OK";"0x8826cb4f8553f7cb568fe1969e7951ed26e327ffadde0d70808bfd1976d5738f|304|@denisaditia15|@denisaditia04|0x8e58...f7eb";"09c2e60c1015e3a073c1930cf7baecfb8395fdf73157166d33a52faad64cbb1a"
"11";"WINNER";"334";"@alphacointrail";"@nurfajri880";"0x0bd4...8618";"OK";"0x8826cb4f8553f7cb568fe1969e7951ed26e327ffadde0d70808bfd1976d5738f|334|@alphacointrail|@nurfajri880|0x0bd4...8618";"0a9cbf493d551db6538c0474b199c2ebdfb0bc8e815771174b6d45e1c3cf19ec"
"12";"WINNER";"226";"@dodiskrnt";"@papisola";"0x9c8d...761f";"OK";"0x8826cb4f8553f7cb568fe1969e7951ed26e327ffadde0d70808bfd1976d5738f|226|@dodiskrnt|@papisola|0x9c8d...761f";"0ae94621cd5235e943a9290dbbf3b667df7541660ca91d7727bdc79a2c12c103"
"13";"WINNER";"162";"@moeyysitiloc";"@sitillimoey";"0xd589...752d";"OK";"0x8826cb4f8553f7cb568fe1969e7951ed26e327ffadde0d70808bfd1976d5738f|162|@moeyysitiloc|@sitillimoey|0xd589...752d";"0bd94394b1b5649789da41ddd1b5b3c37f479131ebe88d86547c0c0702835c0a"
"14";"WINNER";"286";"@cryptolover109";"@naim112234";"0x153f...0b9c";"OK";"0x8826cb4f8553f7cb568fe1969e7951ed26e327ffadde0d70808bfd1976d5738f|286|@cryptolover109|@naim112234|0x153f...0b9c";"0cbfbdd7c37ec3616f2f3123c190b2c5ee7e3b5da6df3c8b30714c7e67693b38"
"15";"WINNER";"327";"@0xemad52";"@emad5201";"0x91ac...ad7a";"OK";"0x8826cb4f8553f7cb568fe1969e7951ed26e327ffadde0d70808bfd1976d5738f|327|@0xemad52|@emad5201|0x91ac...ad7a";"0cea3409cf4604be88f9e3a3cc710926fadb97458889eef83b720a997bac16ca"
"16";"WINNER";"155";"@baudonewin369";"@febriramdhani";"0xce80...7250";"OK";"0x8826cb4f8553f7cb568fe1969e7951ed26e327ffadde0d70808bfd1976d5738f|155|@baudonewin369|@febriramdhani|0xce80...7250";"0d15bc7b9b23a22d1111e6622e53b919eecb30619d8532174414fc6986dcb1ab"
"17";"WINNER";"13";"@bentex01";"@bentexsteven";"0x3995...ee07";"OK";"0x8826cb4f8553f7cb568fe1969e7951ed26e327ffadde0d70808bfd1976d5738f|13|@bentex01|@bentexsteven|0x3995...ee07";"0d6227b61a44ffa2430201ee20372fa36a5ef02ba84cd59f59ee6c5108f8f40e"
"18";"WINNER";"255";"@geaveara";"@lelebesar";"0x7ce6...748c";"OK";"0x8826cb4f8553f7cb568fe1969e7951ed26e327ffadde0d70808bfd1976d5738f|255|@geaveara|@lelebesar|0x7ce6...748c";"0d744ad5a95455611c6e890c91318ab27a7753f9e1f65ae95c8d993ca6694514"
"19";"WINNER";"331";"@mokamel62839074";"@mokamel94";"0x554b...72b4";"OK";"0x8826cb4f8553f7cb568fe1969e7951ed26e327ffadde0d70808bfd1976d5738f|331|@mokamel62839074|@mokamel94|0x554b...72b4";"0df9fcfd5ce2a8dbc72b41b9de091a002ca64ff1b3b7ef842289d8ee87558eda"
"20";"WINNER";"229";"@sirfitoo";"@alfitoms";"0x36fb...5567";"OK";"0x8826cb4f8553f7cb568fe1969e7951ed26e327ffadde0d70808bfd1976d5738f|229|@sirfitoo|@alfitoms|0x36fb...5567";"0e16ccfc62ca8fdc63cb0c219bb91c6e0c23224fe219849692b75b0ab8121263"
"21";"WINNER";"36";"@carlies_sam";"@melodymira";"0xb16d...855a";"OK";"0x8826cb4f8553f7cb568fe1969e7951ed26e327ffadde0d70808bfd1976d5738f|36|@carlies_sam|@melodymira|0xb16d...855a";"10be09c2e7f0f8861130432c93f7997917d03e4a165be9866a9dc8c3b86251ce"
"22";"WINNER";"310";"@aydirkuh";"@fooorbiden";"0x773c...a60c";"OK";"0x8826cb4f8553f7cb568fe1969e7951ed26e327ffadde0d70808bfd1976d5738f|310|@aydirkuh|@fooorbiden|0x773c...a60c";"11067c1cf5320fd9c2e19617d2a27ad3f72e1abd91288940e2c3c957bad916ac"
"23";"WINNER";"22";"@takada_oewang";"@takadawang";"0x38dd...3185";"OK";"0x8826cb4f8553f7cb568fe1969e7951ed26e327ffadde0d70808bfd1976d5738f|22|@takada_oewang|@takadawang|0x38dd...3185";"1129e86e05f9bff0eb85db00f14c0002e72fcda8b1d9be7cf5a14ea05ed4f0a7"
"24";"WINNER";"154";"@suprwondrwoman";"@floriansilbereisenoffice1";"0x9a30...848b";"OK";"0x8826cb4f8553f7cb568fe1969e7951ed26e327ffadde0d70808bfd1976d5738f|154|@suprwondrwoman|@floriansilbereisenoffice1|0x9a30...848b";"11a3c88842ef83bd37e0f6c5d8db108d6cadda4117c2ecbb48c497c5ac38a6ed"
"25";"WINNER";"23";"@risal_warr";"@risalwardana";"0x8dfd...e7ed";"OK";"0x8826cb4f8553f7cb568fe1969e7951ed26e327ffadde0d70808bfd1976d5738f|23|@risal_warr|@risalwardana|0x8dfd...e7ed";"11b03f4b235b43bd43e619ab6d3f92caf78c88ba70d4a92e24790c330696de27"
"26";"WINNER";"332";"@muhaimintphp";"@muhaimintphp";"0x4845...e37c";"OK";"0x8826cb4f8553f7cb568fe1969e7951ed26e327ffadde0d70808bfd1976d5738f|332|@muhaimintphp|@muhaimintphp|0x4845...e37c";"1381ee4f90ad6f43bf1495d1c458c20c52852dbd6c06b59e6ce983f8acb3b0ea"
"27";"WINNER";"328";"@r_ria2";"@nahar768";"0x198a...2bd5";"OK";"0x8826cb4f8553f7cb568fe1969e7951ed26e327ffadde0d70808bfd1976d5738f|328|@r_ria2|@nahar768|0x198a...2bd5";"13e31af53fcfd4041e1141a6c72ea655041811feaad455c11bb22ed70070de8c"
"28";"WINNER";"100";"@olaseunny";"@luckybit1";"0x74e1...62ea";"OK";"0x8826cb4f8553f7cb568fe1969e7951ed26e327ffadde0d70808bfd1976d5738f|100|@olaseunny|@luckybit1|0x74e1...62ea";"1413ae6e3445bc450ecf4db7da72cfaf9158dd2259a401a3069196505dd52410"
"29";"WINNER";"180";"@galakoww";"@owiesigalak";"0x6164...1320";"OK";"0x8826cb4f8553f7cb568fe1969e7951ed26e327ffadde0d70808bfd1976d5738f|180|@galakoww|@owiesigalak|0x6164...1320";"14d122fa04aa5e7bca283794ef8c73e6f007495d0d2fcd67213895a6365138a6"
"30";"WINNER";"150";"@baejaw_nft";"@somebae";"0xc7cb...31e1";"OK";"0x8826cb4f8553f7cb568fe1969e7951ed26e327ffadde0d70808bfd1976d5738f|150|@baejaw_nft|@somebae|0xc7cb...31e1";"15c280d0d3f06508f9246005ac4fed763ba298e430f2786fd7bad1bb60ad99ad"
"31";"WINNER";"222";"@pratamatamz";"@kk_adt";"0x9473...e5af";"OK";"0x8826cb4f8553f7cb568fe1969e7951ed26e327ffadde0d70808bfd1976d5738f|222|@pratamatamz|@kk_adt|0x9473...e5af";"15eba7469c4267df3488b49525fb4d1b6bc35c9aac925984d7e23c371e13aa4e"
"32";"WINNER";"318";"@mirexylon";"@mirexlon";"0xaa52...6641";"OK";"0x8826cb4f8553f7cb568fe1969e7951ed26e327ffadde0d70808bfd1976d5738f|318|@mirexylon|@mirexlon|0xaa52...6641";"16a5885c17ee357b109972f0fe84479c491b8a48e24f04fdefd3436ea807fcae"
"33";"WINNER";"232";"@ryeviffjn";"@vifjrye";"0x2445...bbfa";"OK";"0x8826cb4f8553f7cb568fe1969e7951ed26e327ffadde0d70808bfd1976d5738f|232|@ryeviffjn|@vifjrye|0x2445...bbfa";"172b363f911f1200d2fdc8adac2e5d1c84c9fa86dd39fde93b9446cabf5c266b"
"34";"WINNER";"234";"@tahutumbassk";"@tumbastahu";"0x0208...f993";"OK";"0x8826cb4f8553f7cb568fe1969e7951ed26e327ffadde0d70808bfd1976d5738f|234|@tahutumbassk|@tumbastahu|0x0208...f993";"17709bf601aae485ce3211aca0f4f7af4aa013d20cc9b90b97888448f1cb5bc9"
"35";"WINNER";"274";"@ajstyesisbest";"@oxmanu27";"0xdabf...39d2";"OK";"0x8826cb4f8553f7cb568fe1969e7951ed26e327ffadde0d70808bfd1976d5738f|274|@ajstyesisbest|@oxmanu27|0xdabf...39d2";"1904ced540ab4dd64015885df3546ad6315d74bfccf16d1b9ced756d3d9cc0c4"
"36";"WINNER";"56";"@akotako22";"@kotakkotak1";"0xc9be...d89a";"OK";"0x8826cb4f8553f7cb568fe1969e7951ed26e327ffadde0d70808bfd1976d5738f|56|@akotako22|@kotakkotak1|0xc9be...d89a";"1baf3e478505c37c1952f684fba9522d1cf943fb792515d43948c59bc26afc49"
"37";"WINNER";"190";"@dodet7171";"@dodet31";"0xde93...bfdd";"OK";"0x8826cb4f8553f7cb568fe1969e7951ed26e327ffadde0d70808bfd1976d5738f|190|@dodet7171|@dodet31|0xde93...bfdd";"1bbf5250e093aa2c7678156ef03b53c43bfa7378fe4839f3ad888c25b95e84dc"
"38";"WINNER";"71";"@opeloye2020";"@temmynathy";"0xb601...ebe7";"OK";"0x8826cb4f8553f7cb568fe1969e7951ed26e327ffadde0d70808bfd1976d5738f|71|@opeloye2020|@temmynathy|0xb601...ebe7";"1c549c2a0f0ac11c755ae68f9d2db510acd9935da422ab1998ca1b18e50c28b8"
"39";"WINNER";"242";"@jewelrygem1";"@xiakaymia";"0xc5d0...b3e1";"OK";"0x8826cb4f8553f7cb568fe1969e7951ed26e327ffadde0d70808bfd1976d5738f|242|@jewelrygem1|@xiakaymia|0xc5d0...b3e1";"1c6f0731ec063a543d119db63caba09bf2270b8bf54c70ab483645ab35cee56f"
"40";"WINNER";"55";"@dedo3ahmed";"@moody3ahmed";"0xdfd4...769e";"OK";"0x8826cb4f8553f7cb568fe1969e7951ed26e327ffadde0d70808bfd1976d5738f|55|@dedo3ahmed|@moody3ahmed|0xdfd4...769e";"1e044dfd9cf6572b513f54898c230ddc82700f9f430715e9107b5a06a6732c59"
"41";"WINNER";"32";"@azkadina_davira";"@azkadinadv";"0x2808...5c64";"OK";"0x8826cb4f8553f7cb568fe1969e7951ed26e327ffadde0d70808bfd1976d5738f|32|@azkadina_davira|@azkadinadv|0x2808...5c64";"1ed9a36d6dc03640ebe086881ac4a4b6e16fd11f6bf7a54679f8a2db5fb7d353"
"42";"WINNER";"48";"@abdullahi627";"@musa6035";"0x6196...2821";"OK";"0x8826cb4f8553f7cb568fe1969e7951ed26e327ffadde0d70808bfd1976d5738f|48|@abdullahi627|@musa6035|0x6196...2821";"20782184271d1060e99294e1b63ac0c32673fd5c6172bbdf6b8973105f98abcb"
"43";"WINNER";"131";"@lil_krypt";"@krypt_dawg";"0x3167...8097";"OK";"0x8826cb4f8553f7cb568fe1969e7951ed26e327ffadde0d70808bfd1976d5738f|131|@lil_krypt|@krypt_dawg|0x3167...8097";"2087e0da158f02d391a45934aed460f7bd9716745fdc91f4d3fe689152fd2272"
"44";"WINNER";"7";"@setyajotwo";"@galerwin";"0x51ae...00c0";"OK";"0x8826cb4f8553f7cb568fe1969e7951ed26e327ffadde0d70808bfd1976d5738f|7|@setyajotwo|@galerwin|0x51ae...00c0";"2090a794b6e6920a9a05cb1ed6ec375607a1002a91d373dac4f68429d2570bea"
"45";"WINNER";"254";"@lesfanisa";"@lesfanisa";"0xf54d...3bb2";"OK";"0x8826cb4f8553f7cb568fe1969e7951ed26e327ffadde0d70808bfd1976d5738f|254|@lesfanisa|@lesfanisa|0xf54d...3bb2";"21c0669e79d00e67a57e5fe8b071bf695b5d6b2849c3395940279fe684d6d116"
"46";"WINNER";"335";"@tamunopococ85";"@inyanabo";"0xcbdc...b4fd";"OK";"0x8826cb4f8553f7cb568fe1969e7951ed26e327ffadde0d70808bfd1976d5738f|335|@tamunopococ85|@inyanabo|0xcbdc...b4fd";"21e1dac2ed92a2a6e92a1b4db2eca90e59eaca48dd90f5c08675e09105689170"
"47";"WINNER";"306";"@demfaucet96887";"@deman071";"0x13b6...91cd";"OK";"0x8826cb4f8553f7cb568fe1969e7951ed26e327ffadde0d70808bfd1976d5738f|306|@demfaucet96887|@deman071|0x13b6...91cd";"2244e6edde855aa5e5d264078350f37b3e6077011955b426172eb60409e29207"
"48";"WINNER";"208";"@aersyakk";"@cindydyi";"0xd3ed...6a9a";"OK";"0x8826cb4f8553f7cb568fe1969e7951ed26e327ffadde0d70808bfd1976d5738f|208|@aersyakk|@cindydyi|0xd3ed...6a9a";"225c371b0e8387ba3628b102b6701106a9ea2aa174dfdb893e0769b11d4131fc"
"49";"WINNER";"90";"@inufelemuni1";"@inufelemuni1";"0xae3d...460f";"OK";"0x8826cb4f8553f7cb568fe1969e7951ed26e327ffadde0d70808bfd1976d5738f|90|@inufelemuni1|@inufelemuni1|0xae3d...460f";"22a85511d50e9ce0cb0ea13652fa2b348f12b167c04cc8194a8e096636df488c"
"50";"WINNER";"141";"@carolinerr91";"@breadedg";"0x75b0...1964";"OK";"0x8826cb4f8553f7cb568fe1969e7951ed26e327ffadde0d70808bfd1976d5738f|141|@carolinerr91|@breadedg|0x75b0...1964";"23f2d9564988d95d9ac4193ca46c0b70e72159c38b36291e69591d26c9a56903"
"51";"WINNER";"291";"@prengganis27";"@rengganisofficial";"0x4215...fd30";"OK";"0x8826cb4f8553f7cb568fe1969e7951ed26e327ffadde0d70808bfd1976d5738f|291|@prengganis27|@rengganisofficial|0x4215...fd30";"28c90ff8cd4473d62a65311adb1181c16f4e88b71874a00e19ef4bdee510f750"
"52";"WINNER";"68";"@yassirraheem12";"@oraheem9";"0x137d...db61";"OK";"0x8826cb4f8553f7cb568fe1969e7951ed26e327ffadde0d70808bfd1976d5738f|68|@yassirraheem12|@oraheem9|0x137d...db61";"2c59422567397090a39410db329f68cae2e25228a623fd4be941e8b8e2c91dd7"
"53";"WINNER";"227";"@amazonsungfno";"@spartons_x";"0xc5fe...7f71";"OK";"0x8826cb4f8553f7cb568fe1969e7951ed26e327ffadde0d70808bfd1976d5738f|227|@amazonsungfno|@spartons_x|0xc5fe...7f71";"2c710d3d561cecbee63e5d53ee4acb1fcff0bbe61c0dbf06da2861cd022b1c79"
"54";"WINNER";"189";"@urannau";"@nauraaa28";"0x7493...6653";"OK";"0x8826cb4f8553f7cb568fe1969e7951ed26e327ffadde0d70808bfd1976d5738f|189|@urannau|@nauraaa28|0x7493...6653";"2c7bd75dd8f417d0b58f22b207b8c6350369ea9b3b6ccf64221f5bf9d1385d4a"
"55";"WINNER";"30";"@hessennabi9997";"@alexzktv";"0xdd8f...5615";"OK";"0x8826cb4f8553f7cb568fe1969e7951ed26e327ffadde0d70808bfd1976d5738f|30|@hessennabi9997|@alexzktv|0xdd8f...5615";"2d48566022284d3006e82c522f6819c4ea1f685f4c1dcf9ab2d578dcf5d508a7"
"56";"WINNER";"297";"@zaynrae05";"@zaynrae";"0xaf33...56ac";"OK";"0x8826cb4f8553f7cb568fe1969e7951ed26e327ffadde0d70808bfd1976d5738f|297|@zaynrae05|@zaynrae|0xaf33...56ac";"2da7a4bdeadc0522185d4d839cafa1017afa677e79fa63bd4995acc68d1b4f74"
"57";"WINNER";"330";"@joygaol";"@joygaol";"0xbd98...97b1";"OK";"0x8826cb4f8553f7cb568fe1969e7951ed26e327ffadde0d70808bfd1976d5738f|330|@joygaol|@joygaol|0xbd98...97b1";"306248088d13417adf58a0d55ef108428c568e401733cbbc4f9e617978a0aa15"
"58";"WINNER";"315";"@smilobase";"@theshiash";"0xa00c...f947";"OK";"0x8826cb4f8553f7cb568fe1969e7951ed26e327ffadde0d70808bfd1976d5738f|315|@smilobase|@theshiash|0xa00c...f947";"30bcde60e239cd94b6200aa83df8227fa643860ff46c2c242d8c82b59f669671"
"59";"WINNER";"169";"@jeinje42";"@jenayaelara";"0xa0d9...85be";"OK";"0x8826cb4f8553f7cb568fe1969e7951ed26e327ffadde0d70808bfd1976d5738f|169|@jeinje42|@jenayaelara|0xa0d9...85be";"31b1f6b8c52b3f8c663f7c6619006d460f6b12f6fde980ea589b18fc0890b9dd"
"60";"WINNER";"35";"@olakunmi92";"@thedonshow";"0xe3f9...931f";"OK";"0x8826cb4f8553f7cb568fe1969e7951ed26e327ffadde0d70808bfd1976d5738f|35|@olakunmi92|@thedonshow|0xe3f9...931f";"32348b992a60b7e0c935abff46f50e7d7a2895adea6488fa4a7a39bee92a38d3"
"61";"WINNER";"3";"@johnsmithlkkd";"@uncle_vdn";"0x1436...b120";"OK";"0x8826cb4f8553f7cb568fe1969e7951ed26e327ffadde0d70808bfd1976d5738f|3|@johnsmithlkkd|@uncle_vdn|0x1436...b120";"32c2f2285eb1737603a67b32ac93a1f10ce6f080de28459a12d273913e5cea5b"
"62";"WINNER";"65";"@donmikeal";"@neoliten";"0xc337...0d8a";"OK";"0x8826cb4f8553f7cb568fe1969e7951ed26e327ffadde0d70808bfd1976d5738f|65|@donmikeal|@neoliten|0xc337...0d8a";"3335b0d7d43b4d296edcaf3dc95e8cfc6e2651aea303168867f08b8722f70b80"
"63";"WINNER";"94";"@giande0";"@gian1857";"0x60cc...00db";"OK";"0x8826cb4f8553f7cb568fe1969e7951ed26e327ffadde0d70808bfd1976d5738f|94|@giande0|@gian1857|0x60cc...00db";"3346539587ba080e63e984b00ff4195645315e0b38ab63660fa7cfc2b39785a5"
"64";"WINNER";"198";"@luttvvidp";"@nadyalutvi";"0x7493...6652";"OK";"0x8826cb4f8553f7cb568fe1969e7951ed26e327ffadde0d70808bfd1976d5738f|198|@luttvvidp|@nadyalutvi|0x7493...6652";"3441a8efc4704ab52dd6176af304c2853b83a96ed78199b4f94244e9d525fcd8"
"65";"WINNER";"129";"@bodeolaose4433";"@kelvey001";"0xa90a...7a2f";"OK";"0x8826cb4f8553f7cb568fe1969e7951ed26e327ffadde0d70808bfd1976d5738f|129|@bodeolaose4433|@kelvey001|0xa90a...7a2f";"36428468d6e8ec6af36aac348759edebee0b582cb18646f60c8c6e8305f1da79"
"66";"WINNER";"344";"@iqbalv3c";"@itech407";"0xefa1...bd16";"OK";"0x8826cb4f8553f7cb568fe1969e7951ed26e327ffadde0d70808bfd1976d5738f|344|@iqbalv3c|@itech407|0xefa1...bd16";"375207533a0331e53a9d5d17af89e81e84ad386bba203f42408e8aaf99d76d6e"
"67";"WINNER";"16";"@chukwu_james0";"@james4live";"0x6966...bdd1";"OK";"0x8826cb4f8553f7cb568fe1969e7951ed26e327ffadde0d70808bfd1976d5738f|16|@chukwu_james0|@james4live|0x6966...bdd1";"37aa26049ba285b437040feabdad1b031335fd7a5c36926fa6ed1d388baa532e"
"68";"WINNER";"112";"@asifikaika";"@pushhi";"0x83c2...f943";"OK";"0x8826cb4f8553f7cb568fe1969e7951ed26e327ffadde0d70808bfd1976d5738f|112|@asifikaika|@pushhi|0x83c2...f943";"37bbfedc87e3da6bd44c9381b7f3b9a52374b494ade38cb93bb0e249cb37e39f"
"69";"WINNER";"264";"@nicoleb11570030";"@fundalisme";"0xc0b0...c56f";"OK";"0x8826cb4f8553f7cb568fe1969e7951ed26e327ffadde0d70808bfd1976d5738f|264|@nicoleb11570030|@fundalisme|0xc0b0...c56f";"388fa3671b0c858025eba3faff77f4d7f4ddd6fa36ef1324ea488af5940dacb1"
"70";"WINNER";"2";"@desmondwisdom12";"@i_live_crypto";"0xe043...49fa";"OK";"0x8826cb4f8553f7cb568fe1969e7951ed26e327ffadde0d70808bfd1976d5738f|2|@desmondwisdom12|@i_live_crypto|0xe043...49fa";"398b2a49ba0e0c68ce31406903f13cc117e150f96879a85e6543133874533539"
"71";"WINNER";"58";"@rth_hriday";"@rth_hriday";"0xd3e7...844b";"OK";"0x8826cb4f8553f7cb568fe1969e7951ed26e327ffadde0d70808bfd1976d5738f|58|@rth_hriday|@rth_hriday|0xd3e7...844b";"3be88845a7ac4c3ed3bb060aff8d635cdc900046ce5418a6af9f10e2806eabd7"
"72";"WINNER";"341";"@fineanfil";"@anfilfine";"0xd5f4...36d2";"OK";"0x8826cb4f8553f7cb568fe1969e7951ed26e327ffadde0d70808bfd1976d5738f|341|@fineanfil|@anfilfine|0xd5f4...36d2";"3c01215ceab8bda124e87c78daf1a8125b998d699f5bdb10389ba9dccab9376d"
"73";"WINNER";"14";"@zaynulloh";"@nebula15";"0xfe7a...2af5";"OK";"0x8826cb4f8553f7cb568fe1969e7951ed26e327ffadde0d70808bfd1976d5738f|14|@zaynulloh|@nebula15|0xfe7a...2af5";"3d510b8834d7881ce4854a35aea9d828df035c6c62023b58d62d0b7cc542ec20"
"74";"WINNER";"111";"@arton_op";"@op_sunggu";"0x1390...e8d2";"OK";"0x8826cb4f8553f7cb568fe1969e7951ed26e327ffadde0d70808bfd1976d5738f|111|@arton_op|@op_sunggu|0x1390...e8d2";"3d9f832d7dcf77845f1a9300b122bc01358b0ce8d73ff9f6f06c6493a33ac1a4"
"75";"WINNER";"185";"@roi_small";"@bwaone";"0x3245...86af";"OK";"0x8826cb4f8553f7cb568fe1969e7951ed26e327ffadde0d70808bfd1976d5738f|185|@roi_small|@bwaone|0x3245...86af";"3f12a51a6a017db0d6b3a7114c9817f65849871243ed8f554978f1dbad989f1c"
"76";"WINNER";"78";"@agustian1987";"@agustian1208";"0xbd81...e20d";"OK";"0x8826cb4f8553f7cb568fe1969e7951ed26e327ffadde0d70808bfd1976d5738f|78|@agustian1987|@agustian1208|0xbd81...e20d";"406fe2e76256ec47f0a1cb9d922fef325a485aa8170df28cbe56d96d3adf58c1"
"77";"WINNER";"319";"@malingkucing12";"@sayutimalix";"0x3acd...2107";"OK";"0x8826cb4f8553f7cb568fe1969e7951ed26e327ffadde0d70808bfd1976d5738f|319|@malingkucing12|@sayutimalix|0x3acd...2107";"408ffd73b3f818859c4dfd114b6dec24f0511ece22affa225d7e4d0b44267bdc"
"78";"WINNER";"89";"@sindiemie";"@imgorgeousyeah";"0x4b99...f8a6";"OK";"0x8826cb4f8553f7cb568fe1969e7951ed26e327ffadde0d70808bfd1976d5738f|89|@sindiemie|@imgorgeousyeah|0x4b99...f8a6";"41a738230a4f14a94f3d1b29f7370dc640852f7b925d1200b3df0097cdf6f5f3"
"79";"WINNER";"175";"@popolpengg";"@penggantipopol";"0xe6d9...0da2";"OK";"0x8826cb4f8553f7cb568fe1969e7951ed26e327ffadde0d70808bfd1976d5738f|175|@popolpengg|@penggantipopol|0xe6d9...0da2";"43921f99c4b4802db5ce6976587d7d31b4596d4bd85bb6e28c280705c5b5caf9"
"80";"WINNER";"321";"@indi07300";"@jaelanimas747";"0xba90...8db7";"OK";"0x8826cb4f8553f7cb568fe1969e7951ed26e327ffadde0d70808bfd1976d5738f|321|@indi07300|@jaelanimas747|0xba90...8db7";"441589d52bdd2df08b1822329dbb8fd650a59a6631acf0b669ac3f1cb7f20c58"
"81";"WINNER";"110";"@famiisky";"@damabiye";"0xf66b...110d";"OK";"0x8826cb4f8553f7cb568fe1969e7951ed26e327ffadde0d70808bfd1976d5738f|110|@famiisky|@damabiye|0xf66b...110d";"4471dbc52031eafd83985aafeb13f76be9a870f837a73f80e97903b4d0635f70"
"82";"WINNER";"34";"@arai_rayden";"@arai_rayden";"0xf940...c348";"OK";"0x8826cb4f8553f7cb568fe1969e7951ed26e327ffadde0d70808bfd1976d5738f|34|@arai_rayden|@arai_rayden|0xf940...c348";"45f491b1b0fbacbc11e9be38a7bd4ef3b966286501f78ad543fbca7c91c0fb24"
"83";"WINNER";"312";"@gober09871466";"@clayid56";"0x8184...f552";"OK";"0x8826cb4f8553f7cb568fe1969e7951ed26e327ffadde0d70808bfd1976d5738f|312|@gober09871466|@clayid56|0x8184...f552";"45ffa6b19d987de116644716fcad8ea8c30c2d591246ea11f2e02ba8df156aed"
"84";"WINNER";"276";"@hestylasia";"@bandilofa";"0x7723...668c";"OK";"0x8826cb4f8553f7cb568fe1969e7951ed26e327ffadde0d70808bfd1976d5738f|276|@hestylasia|@bandilofa|0x7723...668c";"48530454c766f1d9ad7d126459559f3bb5503a95296bd90bd9266d387d84c32d"
"85";"WINNER";"273";"@keisyarina";"@chopernami";"0x7087...2e5f";"OK";"0x8826cb4f8553f7cb568fe1969e7951ed26e327ffadde0d70808bfd1976d5738f|273|@keisyarina|@chopernami|0x7087...2e5f";"49c2021c7617bcb77c4e3535af94651dcd980808d262c9abdb73aa54a3bc5407"
"86";"WINNER";"301";"@upleck";"@upleck";"0x507c...b707";"OK";"0x8826cb4f8553f7cb568fe1969e7951ed26e327ffadde0d70808bfd1976d5738f|301|@upleck|@upleck|0x507c...b707";"4a19c455a8ef36c9341db5b93f947e568ffbd0f590c26fff1c7fd93505f872e5"
"87";"WINNER";"277";"@velabellsa";"@goodtimehere";"0x19df...f1d2";"OK";"0x8826cb4f8553f7cb568fe1969e7951ed26e327ffadde0d70808bfd1976d5738f|277|@velabellsa|@goodtimehere|0x19df...f1d2";"4aecd2555e093b7c8b0563f0ab2f08edb776c18b1335dda302be58b2b1c6b4b3"
"88";"WINNER";"70";"@xyz_wilson";"@wilson_xyzz";"0x261b...08ab";"OK";"0x8826cb4f8553f7cb568fe1969e7951ed26e327ffadde0d70808bfd1976d5738f|70|@xyz_wilson|@wilson_xyzz|0x261b...08ab";"4c1343ac9db086789687e5a305a11f818bd6f6acea7e6841c4e1d3cef87f7976"
"89";"WINNER";"124";"@samuelposs39287";"@posh258";"0x7a7d...94dc";"OK";"0x8826cb4f8553f7cb568fe1969e7951ed26e327ffadde0d70808bfd1976d5738f|124|@samuelposs39287|@posh258|0x7a7d...94dc";"4cafba6d7955921176f4f3597c9755a93c14cdf70b85483ea37fb110e75409a2"
"90";"WINNER";"202";"@rektguyxbt";"@rektguyz";"0x6d7b...f229";"OK";"0x8826cb4f8553f7cb568fe1969e7951ed26e327ffadde0d70808bfd1976d5738f|202|@rektguyxbt|@rektguyz|0x6d7b...f229";"4cb3201dac6bb5e631da3e0b483d62a73a9776551f0475b3440ceda052108ac8"
"91";"WINNER";"31";"@muklisbudiarto";"@muklisbudi";"0xf21f...539d";"OK";"0x8826cb4f8553f7cb568fe1969e7951ed26e327ffadde0d70808bfd1976d5738f|31|@muklisbudiarto|@muklisbudi|0xf21f...539d";"4f0f434c11c827c48115da4c877d6631fcb009de0f028546c70aafde1b62edd5"
"92";"WINNER";"212";"@jbellonna";"@louisabelona";"0xbe8b...5b55";"OK";"0x8826cb4f8553f7cb568fe1969e7951ed26e327ffadde0d70808bfd1976d5738f|212|@jbellonna|@louisabelona|0xbe8b...5b55";"511f7c5157cbb11b170124004c04eb5e5e2799cd96060d15e96919df4340c15b"
"93";"WINNER";"104";"@azzumabwhb";"@tzuyoung";"0xd2b0...f733";"OK";"0x8826cb4f8553f7cb568fe1969e7951ed26e327ffadde0d70808bfd1976d5738f|104|@azzumabwhb|@tzuyoung|0xd2b0...f733";"51e9b7236c896dca90707b76ee766269beba737fad626c7b200aa8085edc8fe5"
"94";"WINNER";"320";"@albgym21";"@mohammadgh19";"0x0329...f37b";"OK";"0x8826cb4f8553f7cb568fe1969e7951ed26e327ffadde0d70808bfd1976d5738f|320|@albgym21|@mohammadgh19|0x0329...f37b";"528459ba5dcb6edd5e00eded9a544402272c1f1db13a93c85490c785dac11c2a"
"95";"WINNER";"253";"@suebwormhole";"@yubxet";"0xaa9c...7563";"OK";"0x8826cb4f8553f7cb568fe1969e7951ed26e327ffadde0d70808bfd1976d5738f|253|@suebwormhole|@yubxet|0xaa9c...7563";"52cde203e363257526bf60894b5e5f7188841fc2d3d25666218cc53b2755240f"
"96";"WINNER";"308";"@ghazal_1493";"@ghazalhgt";"0x3b1e...73f8";"OK";"0x8826cb4f8553f7cb568fe1969e7951ed26e327ffadde0d70808bfd1976d5738f|308|@ghazal_1493|@ghazalhgt|0x3b1e...73f8";"52ce4981c2c5f631f7ba140179ff95539fe20881570feb9181fdaf17be1637a5"
"97";"WINNER";"126";"@pulpyshallwe";"@joshiejoe";"0x559b...f1ac";"OK";"0x8826cb4f8553f7cb568fe1969e7951ed26e327ffadde0d70808bfd1976d5738f|126|@pulpyshallwe|@joshiejoe|0x559b...f1ac";"5306ed5b8a3580019384fa96d8666bb3baa7b3616ebda7b29aa3cc5968e33819"
"98";"WINNER";"51";"@redmi188364";"@rhendy30";"0x1aea...27ca";"OK";"0x8826cb4f8553f7cb568fe1969e7951ed26e327ffadde0d70808bfd1976d5738f|51|@redmi188364|@rhendy30|0x1aea...27ca";"53b967ee8ddff398c13bc9b54ea7177b68c4e1e5ba84f13a4daa7e875616c523"
"99";"WINNER";"50";"@syinknon";"@ardisudi";"0x4d8a...33b6";"OK";"0x8826cb4f8553f7cb568fe1969e7951ed26e327ffadde0d70808bfd1976d5738f|50|@syinknon|@ardisudi|0x4d8a...33b6";"541e9e6c9bef6e550782274ace852716b45295b4d11d7a0954475fa9617bc53d"
"100";"WINNER";"186";"@qyeruzu";"@gelaspecahku";"0x78f3...c97e";"OK";"0x8826cb4f8553f7cb568fe1969e7951ed26e327ffadde0d70808bfd1976d5738f|186|@qyeruzu|@gelaspecahku|0x78f3...c97e";"5446423d20cf726c7bad3d18ed7089131916b35d9d4ac5b99ab3c4fe98ffb4db"
"101";"WINNER";"73";"@dontgetfunky";"@unfunkk";"0x44d9...39ee";"OK";"0x8826cb4f8553f7cb568fe1969e7951ed26e327ffadde0d70808bfd1976d5738f|73|@dontgetfunky|@unfunkk|0x44d9...39ee";"547387bd0a761d0414b7ebe25ae555f4897512ed9dd0cfbd7954ca1292b31588"
"102";"WINNER";"166";"@kiesyaf18";"@keisysatu";"0x96e0...9c0e";"OK";"0x8826cb4f8553f7cb568fe1969e7951ed26e327ffadde0d70808bfd1976d5738f|166|@kiesyaf18|@keisysatu|0x96e0...9c0e";"547a7051746a8b953c68dd9f531f90e3eb8a3433791172f5e2bad14b2645bf56"
"103";"WINNER";"142";"@carleyshim6";"@billieeilishoffice";"0xf030...fa68";"OK";"0x8826cb4f8553f7cb568fe1969e7951ed26e327ffadde0d70808bfd1976d5738f|142|@carleyshim6|@billieeilishoffice|0xf030...fa68";"55316e0757d37292a5057a0df34957e3898ae2197ffb4feb735f5ff975640673"
"104";"WINNER";"243";"@henamanika";"@henamanika";"0x67f2...ab05";"OK";"0x8826cb4f8553f7cb568fe1969e7951ed26e327ffadde0d70808bfd1976d5738f|243|@henamanika|@henamanika|0x67f2...ab05";"580bf631a6c03c38b38fbff105380c8732253a9888aeaf06c8bdb4d79ed61ac9"
"105";"WINNER";"261";"@ainamasayu";"@ainamasayu";"0x23a3...0d36";"OK";"0x8826cb4f8553f7cb568fe1969e7951ed26e327ffadde0d70808bfd1976d5738f|261|@ainamasayu|@ainamasayu|0x23a3...0d36";"580e03627a18ecbda6517d11b6f24f07b46cbbef7165f4bf768881ce9940d598"
"106";"WINNER";"289";"@yuliku15";"@babyboysku";"0x09a6...db08";"OK";"0x8826cb4f8553f7cb568fe1969e7951ed26e327ffadde0d70808bfd1976d5738f|289|@yuliku15|@babyboysku|0x09a6...db08";"5877818e0a615ebf313878742e8bd9229de9a0bb0274a7f17ece5884e9ef074d"
"107";"WINNER";"262";"@0xyanssfr";"@yanss007";"0xe747...0ae7";"OK";"0x8826cb4f8553f7cb568fe1969e7951ed26e327ffadde0d70808bfd1976d5738f|262|@0xyanssfr|@yanss007|0xe747...0ae7";"590af7e259232f19e93ed35f35c412d2c7873d0db283c28fa1425485e2306b55"
"108";"WINNER";"340";"@solomonfanose";"@habtesillassie";"0x08cd...b193";"OK";"0x8826cb4f8553f7cb568fe1969e7951ed26e327ffadde0d70808bfd1976d5738f|340|@solomonfanose|@habtesillassie|0x08cd...b193";"59d658df9f1610793015a8b1b7189e00175bfe57af18b49541784243045cc7ed"
"109";"WINNER";"15";"@ceckde";"@recehslayer129";"0x1831...036d";"OK";"0x8826cb4f8553f7cb568fe1969e7951ed26e327ffadde0d70808bfd1976d5738f|15|@ceckde|@recehslayer129|0x1831...036d";"59e363b213596bce1eb9ef27f3d93fd1ba966a97268cb72a881c88c5b59dcdde"
"110";"WINNER";"188";"@inkanaptr";"@nayarainkana";"0x3f04...568e";"OK";"0x8826cb4f8553f7cb568fe1969e7951ed26e327ffadde0d70808bfd1976d5738f|188|@inkanaptr|@nayarainkana|0x3f04...568e";"5c625439365f3dc754cc2cf89b13a904bdc58ac87a06f3b566d672c120cdd62e"
"111";"WINNER";"197";"@zahrranisazz";"@nalikazhra";"0x5146...7e26";"OK";"0x8826cb4f8553f7cb568fe1969e7951ed26e327ffadde0d70808bfd1976d5738f|197|@zahrranisazz|@nalikazhra|0x5146...7e26";"5d4dc07fb050cee83009c2a870c226f001c4f7a2916cda223391caad3c751ce7"
"112";"WINNER";"69";"@bountyt2";"@olasquare27";"0xc568...633c";"OK";"0x8826cb4f8553f7cb568fe1969e7951ed26e327ffadde0d70808bfd1976d5738f|69|@bountyt2|@olasquare27|0xc568...633c";"5decc4789ea17293b92a5f8e25fa3297f9735ca3dac33a36afe63e0030fb8b33"
"113";"WINNER";"159";"@mumsitohhzr";"@mumsitoh";"0x03bd...575c";"OK";"0x8826cb4f8553f7cb568fe1969e7951ed26e327ffadde0d70808bfd1976d5738f|159|@mumsitohhzr|@mumsitoh|0x03bd...575c";"5f1eb41af5a64bddd021b35a059dccd0389beb8b09e719737c2f84671a823043"
"114";"WINNER";"296";"@justing1545157";"@shaghighat90";"0x4d91...98bf";"OK";"0x8826cb4f8553f7cb568fe1969e7951ed26e327ffadde0d70808bfd1976d5738f|296|@justing1545157|@shaghighat90|0x4d91...98bf";"606db1e374a5de074458c20647f8403b2701b8af7a162191f44ccb109f8862f1"
"115";"WINNER";"311";"@reem32672529";"@ahusf02";"0x4b5f...4b73";"OK";"0x8826cb4f8553f7cb568fe1969e7951ed26e327ffadde0d70808bfd1976d5738f|311|@reem32672529|@ahusf02|0x4b5f...4b73";"61d857bda05d2b82e8521e3285c8c5d420f58250c38f8b319212788b0b7eed6e"
"116";"WINNER";"305";"@mpilerood77";"@moo1610";"0x0252...c768";"OK";"0x8826cb4f8553f7cb568fe1969e7951ed26e327ffadde0d70808bfd1976d5738f|305|@mpilerood77|@moo1610|0x0252...c768";"626dc1e2352d3f575e2a06a04f42c166fb967ba36a5989607cd032c7c3be677b"
"117";"WINNER";"11";"@pom_pikon";"@dagbanaco";"0x3396...5618";"OK";"0x8826cb4f8553f7cb568fe1969e7951ed26e327ffadde0d70808bfd1976d5738f|11|@pom_pikon|@dagbanaco|0x3396...5618";"62ab11d1c814c4083b02f23877b68dca2ffc24a614634ca21ff3ec52a3e43bff"
"118";"WINNER";"200";"@ournnemel95";"@melvourne0";"0xfcc5...4336";"OK";"0x8826cb4f8553f7cb568fe1969e7951ed26e327ffadde0d70808bfd1976d5738f|200|@ournnemel95|@melvourne0|0xfcc5...4336";"637e42e8e92b46b6a647eb243557c8acba563bc1f25e97eb7b86bc4a68957e7a"
"119";"WINNER";"181";"@tressnaku";"@opoananetresnaku";"0xf183...64e5";"OK";"0x8826cb4f8553f7cb568fe1969e7951ed26e327ffadde0d70808bfd1976d5738f|181|@tressnaku|@opoananetresnaku|0xf183...64e5";"63eaebeadacf7934b9fcdd1a695c6792058a9dca78d122748b22b1816b50d640"
"120";"WINNER";"74";"@flourish_glory";"@purplediamondman";"0xdf1f...7d51";"OK";"0x8826cb4f8553f7cb568fe1969e7951ed26e327ffadde0d70808bfd1976d5738f|74|@flourish_glory|@purplediamondman|0xdf1f...7d51";"65424b70539ee300af6499576637e014c31d13fe62b3e3c3d658d69dfb4d0dd6"
"121";"WINNER";"29";"@anggarad77";"@ojan11";"0xcaab...d6df";"OK";"0x8826cb4f8553f7cb568fe1969e7951ed26e327ffadde0d70808bfd1976d5738f|29|@anggarad77|@ojan11|0xcaab...d6df";"67749b3cf44dea6898a08351092e7ea2d0dfe37676ffddbf5fc380c396f9c08f"
"122";"WINNER";"77";"@0xveiled";"@zw624434";"0x6ed9...017a";"OK";"0x8826cb4f8553f7cb568fe1969e7951ed26e327ffadde0d70808bfd1976d5738f|77|@0xveiled|@zw624434|0x6ed9...017a";"6896115eea116f1d3a68139ea5ff1927d534afe29d5b916ad8476e7d65ce4a01"
"123";"WINNER";"167";"@joclaiya15";"@jocelayara";"0x10df...3063";"OK";"0x8826cb4f8553f7cb568fe1969e7951ed26e327ffadde0d70808bfd1976d5738f|167|@joclaiya15|@jocelayara|0x10df...3063";"690b99a6c3e577dab977d8cb8f1b1513f2391d9a59916d9b116d69ca7104df32"
"124";"WINNER";"239";"@alvarzai";"@angelizahe";"0x40e2...0b65";"OK";"0x8826cb4f8553f7cb568fe1969e7951ed26e327ffadde0d70808bfd1976d5738f|239|@alvarzai|@angelizahe|0x40e2...0b65";"6aa81f480cb33317c9b68e57b9c98d28c5b4fd76f07da6fd431eff5368b9d278"
"125";"WINNER";"201";"@pputtihhh";"@melonputih8";"0xbe8b...5b56";"OK";"0x8826cb4f8553f7cb568fe1969e7951ed26e327ffadde0d70808bfd1976d5738f|201|@pputtihhh|@melonputih8|0xbe8b...5b56";"6b2a0c0c3c99c5a82373c013906eef051d1ecd83434c945207ce88855544f579"
"126";"WINNER";"27";"@ryseaverey";"@ryseaverey";"0x9280...4475";"OK";"0x8826cb4f8553f7cb568fe1969e7951ed26e327ffadde0d70808bfd1976d5738f|27|@ryseaverey|@ryseaverey|0x9280...4475";"6b66c54a5fedcdbf7ab332b7c73d99f9f57a12c7ec42b87df10c3c753c77c132"
"127";"WINNER";"263";"@dzikrarafii";"@rafiidzikra";"0x1103...d15d";"OK";"0x8826cb4f8553f7cb568fe1969e7951ed26e327ffadde0d70808bfd1976d5738f|263|@dzikrarafii|@rafiidzikra|0x1103...d15d";"6b6c79ebe5de0671f8819960c405df7c557435020d7acc811902b93441a54716"
"128";"WINNER";"220";"@kicikkwoyoev";"@woyoungkicik";"0x3c5b...34ff";"OK";"0x8826cb4f8553f7cb568fe1969e7951ed26e327ffadde0d70808bfd1976d5738f|220|@kicikkwoyoev|@woyoungkicik|0x3c5b...34ff";"6c13dc21a4390e764a554527cd24a363b68b2850d24007e0860d8bcc9fa409f3"
"129";"WINNER";"241";"@adindacou";"@zyesavira";"0x3951...058c";"OK";"0x8826cb4f8553f7cb568fe1969e7951ed26e327ffadde0d70808bfd1976d5738f|241|@adindacou|@zyesavira|0x3951...058c";"6c53e8564780b78d4cb626f0bbe6f5973f04b38db4f635d902b767e5d91f3573"
"130";"WINNER";"21";"@ozcadone_gear";"@ozcadone_gear";"0x6312...889f";"OK";"0x8826cb4f8553f7cb568fe1969e7951ed26e327ffadde0d70808bfd1976d5738f|21|@ozcadone_gear|@ozcadone_gear|0x6312...889f";"6cb71706a736a7fe9b52c20944524f381ae40587515e55beed5572a6be54075a"
"131";"WINNER";"182";"@muehehenyi";"@nyinyoh";"0x4dd0...75c0";"OK";"0x8826cb4f8553f7cb568fe1969e7951ed26e327ffadde0d70808bfd1976d5738f|182|@muehehenyi|@nyinyoh|0x4dd0...75c0";"6cc59991b0b3e19d0db58bcbe5c33a617387909def307ceab97123c303c1e570"
"132";"WINNER";"231";"@sariahviooq";"@violasariah";"0x18ff...ca40";"OK";"0x8826cb4f8553f7cb568fe1969e7951ed26e327ffadde0d70808bfd1976d5738f|231|@sariahviooq|@violasariah|0x18ff...ca40";"6cf953332a98da58d336d415b4992c359d4068262df17f8ca644774dd82f2fac"
"133";"WINNER";"132";"@essaonxy";"@essaonx";"0x07bb...a0f1";"OK";"0x8826cb4f8553f7cb568fe1969e7951ed26e327ffadde0d70808bfd1976d5738f|132|@essaonxy|@essaonx|0x07bb...a0f1";"6d15000076a733bfde9580c9ce10123b92e1319ee951b0aa5d569af616a50402"
"134";"WINNER";"137";"@icejjuice";"@vinividivici20";"0x649c...5da6";"OK";"0x8826cb4f8553f7cb568fe1969e7951ed26e327ffadde0d70808bfd1976d5738f|137|@icejjuice|@vinividivici20|0x649c...5da6";"6d9ec85845ab2d5c2945758edd19998ace0fae998b371ee49f26857547468680"
"135";"WINNER";"285";"@reansykes";"@reansykes";"0x52b7...0b2e";"OK";"0x8826cb4f8553f7cb568fe1969e7951ed26e327ffadde0d70808bfd1976d5738f|285|@reansykes|@reansykes|0x52b7...0b2e";"6dfe6a2bc99561f23e28593fa63efb9242f8ba8de58408c17749764e63ffa77c"
"136";"WINNER";"265";"@jennykias";"@miranoera";"0x85ee...9471";"OK";"0x8826cb4f8553f7cb568fe1969e7951ed26e327ffadde0d70808bfd1976d5738f|265|@jennykias|@miranoera|0x85ee...9471";"6f692945e30f81aa1ace94eb19a733e8219ec3388c214a7d7c81b7ea68c13f71"
"137";"WINNER";"120";"@kaisar_swareg";"@swaregst17";"0x245c...37e2";"OK";"0x8826cb4f8553f7cb568fe1969e7951ed26e327ffadde0d70808bfd1976d5738f|120|@kaisar_swareg|@swaregst17|0x245c...37e2";"6ff815ee12d1c50696ead9c268182fb1706bbee7e61ebb98d8b366faf65f3ea6"
"138";"WINNER";"298";"@zihan_kalism";"@zihankalisma";"0xaf71...51df";"OK";"0x8826cb4f8553f7cb568fe1969e7951ed26e327ffadde0d70808bfd1976d5738f|298|@zihan_kalism|@zihankalisma|0xaf71...51df";"70bf55d16190b9621c2cee7874580b2e7b5aeef44ec50b66b4e72290b3e34ad1"
"139";"WINNER";"9";"@asoygeboyy66";"@jerengg";"0xfb9f...e5ae";"OK";"0x8826cb4f8553f7cb568fe1969e7951ed26e327ffadde0d70808bfd1976d5738f|9|@asoygeboyy66|@jerengg|0xfb9f...e5ae";"70eb92c3734c0906d3e876fc235fa3fc77a37105839f8b19aaafae52fc8a7691"
"140";"WINNER";"258";"@lwhudgins";"@lwhudgins";"0x46b8...7ec8";"OK";"0x8826cb4f8553f7cb568fe1969e7951ed26e327ffadde0d70808bfd1976d5738f|258|@lwhudgins|@lwhudgins|0x46b8...7ec8";"7179cd7bf3a38d1ece31674ca733cfd518ef4eaf63c7449d1eb82e6ee9382781"
"141";"WINNER";"174";"@rasanjayya";"@putrisan6";"0x2fd1...b464";"OK";"0x8826cb4f8553f7cb568fe1969e7951ed26e327ffadde0d70808bfd1976d5738f|174|@rasanjayya|@putrisan6|0x2fd1...b464";"720c6d162062211e93a64ac28c41293e8779fdc07dd4babb62654a6228ca8e3d"
"142";"WINNER";"25";"@andrenalin_adr";"@andrenalingt";"0x2f82...8324";"OK";"0x8826cb4f8553f7cb568fe1969e7951ed26e327ffadde0d70808bfd1976d5738f|25|@andrenalin_adr|@andrenalingt|0x2f82...8324";"75a59ebaa5144c3c075e997f7a14eba9348aff04de346575147715323baf7370"
"143";"WINNER";"236";"@cassidy_yes4";"@baim_4";"0x14f6...71f8";"OK";"0x8826cb4f8553f7cb568fe1969e7951ed26e327ffadde0d70808bfd1976d5738f|236|@cassidy_yes4|@baim_4|0x14f6...71f8";"766f01177abd5890c0558ca515facd7cb955392bdac9397469202eaf77e4cad0"
"144";"WINNER";"130";"@jerry_joseph01";"@khunmex16";"0x44e0...f4fd";"OK";"0x8826cb4f8553f7cb568fe1969e7951ed26e327ffadde0d70808bfd1976d5738f|130|@jerry_joseph01|@khunmex16|0x44e0...f4fd";"775582a35f8dad988fee370d28fe2ef3bb40e59cff1a05da81e3f4ad7e8ae7fa"
"145";"WINNER";"125";"@roxanne15saad";"@skylark_xyz";"0x8081...af48";"OK";"0x8826cb4f8553f7cb568fe1969e7951ed26e327ffadde0d70808bfd1976d5738f|125|@roxanne15saad|@skylark_xyz|0x8081...af48";"77b3e77d8c4b36c4a58d79efec98b0a44520ba9565eb154d2e99db5327049523"
"146";"WINNER";"317";"@kokonaw17";"@helloman070";"0xbf53...9efa";"OK";"0x8826cb4f8553f7cb568fe1969e7951ed26e327ffadde0d70808bfd1976d5738f|317|@kokonaw17|@helloman070|0xbf53...9efa";"785f943ed56e764956668ace2fdfb6c74b401a3518381c6afdab208560996fd4"
"147";"WINNER";"238";"@budakjalanan123";"@aingadji";"0xf2a0...1e97";"OK";"0x8826cb4f8553f7cb568fe1969e7951ed26e327ffadde0d70808bfd1976d5738f|238|@budakjalanan123|@aingadji|0xf2a0...1e97";"787e634378eb8cbd7ad953117e46132fd488f0d700cdd17ecc59de4f4a5da32e"
"148";"WINNER";"102";"@lanretimmy";"@lanretimmy";"0x3bd5...ca41";"OK";"0x8826cb4f8553f7cb568fe1969e7951ed26e327ffadde0d70808bfd1976d5738f|102|@lanretimmy|@lanretimmy|0x3bd5...ca41";"78adb36da8239afc6e0ec2c38c354f0f7dc7f095e4da792d1f90a6a287d24a96"
"149";"WINNER";"336";"@rajakhan1714777";"@rasal312";"0xc81d...6c38";"OK";"0x8826cb4f8553f7cb568fe1969e7951ed26e327ffadde0d70808bfd1976d5738f|336|@rajakhan1714777|@rasal312|0xc81d...6c38";"790b3fceb4c8d0edb5143971cde8ff3616d01b23b7d6d541bc40a949777ec26f"
"150";"WINNER";"244";"@owngarry";"@tianaseva";"0x8483...38a2";"OK";"0x8826cb4f8553f7cb568fe1969e7951ed26e327ffadde0d70808bfd1976d5738f|244|@owngarry|@tianaseva|0x8483...38a2";"797903a42cbae1bdd5ad6d53025b9f68de1ae43c317c78f3415088162ef51c62"
"151";"WINNER";"249";"@nawatnawat34395";"@evvelyn_lln";"0x8d32...2fc6";"OK";"0x8826cb4f8553f7cb568fe1969e7951ed26e327ffadde0d70808bfd1976d5738f|249|@nawatnawat34395|@evvelyn_lln|0x8d32...2fc6";"7a6ce7eba642873ef53eb178438c79b806091eaf8b008770a4894efd4aa9b3ba"
"152";"WINNER";"47";"@sanek272017";"@sanchelo79";"0x7d7f...6421";"OK";"0x8826cb4f8553f7cb568fe1969e7951ed26e327ffadde0d70808bfd1976d5738f|47|@sanek272017|@sanchelo79|0x7d7f...6421";"7aa27180efd3c23bbc5848b97319d232a729dc9ae52b996f3e8ce9c225feca5c"
"153";"WINNER";"146";"@ogewustone3";"@alaskamaya";"0x9292...a7ea";"OK";"0x8826cb4f8553f7cb568fe1969e7951ed26e327ffadde0d70808bfd1976d5738f|146|@ogewustone3|@alaskamaya|0x9292...a7ea";"7ac3257a4e45122e44abb456fe1e8fcdda220d89bae83452ccc68f7047011c14"
"154";"WINNER";"76";"@abaobi223065";"@abaobi";"0x4327...f1b1";"OK";"0x8826cb4f8553f7cb568fe1969e7951ed26e327ffadde0d70808bfd1976d5738f|76|@abaobi223065|@abaobi|0x4327...f1b1";"7ace01e81baeb1aae9d4cf7884483b62c97e24f1513a4ca62f8c1f2e5d040b01"
"155";"WINNER";"294";"@alma_fbrynt";"@acchunt";"0x04c1...2cd3";"OK";"0x8826cb4f8553f7cb568fe1969e7951ed26e327ffadde0d70808bfd1976d5738f|294|@alma_fbrynt|@acchunt|0x04c1...2cd3";"7b0c191bd715656f33c9969e6d6c1b3fd8e7aa17b90e0953008db6bb5fbc3f93"
"156";"WINNER";"322";"@iday_160397";"@iday_1603";"0x95ea...eaf4";"OK";"0x8826cb4f8553f7cb568fe1969e7951ed26e327ffadde0d70808bfd1976d5738f|322|@iday_160397|@iday_1603|0x95ea...eaf4";"7d0f2a80b3147a91cd8e58b78518f6716efbe331fe7dcd1e23f733043933a986"
"157";"WINNER";"117";"@burger_czz";"@eth_burger";"0x34a8...8eb4";"OK";"0x8826cb4f8553f7cb568fe1969e7951ed26e327ffadde0d70808bfd1976d5738f|117|@burger_czz|@eth_burger|0x34a8...8eb4";"7d9f152b42446a6a8eef2731cfe3ff2afd5a48371106bda13f8b008205b5ef14"
"158";"WINNER";"153";"@cyberdropeth";"@gilang034";"0x9498...b9c9";"OK";"0x8826cb4f8553f7cb568fe1969e7951ed26e327ffadde0d70808bfd1976d5738f|153|@cyberdropeth|@gilang034|0x9498...b9c9";"7f487776f021ba66687ae51ee6e51350dcd068b9fe5a0ce319c318428023321b"
"159";"WINNER";"207";"@bddkerttii";"@mahesabd";"0xcac0...c830";"OK";"0x8826cb4f8553f7cb568fe1969e7951ed26e327ffadde0d70808bfd1976d5738f|207|@bddkerttii|@mahesabd|0xcac0...c830";"7f4b94803e1f559168237392591fd834da16b14a1b36311a2313c219e0478519"
"160";"WINNER";"79";"@dasmisu2001";"@misu677";"0x4dd8...dd9a";"OK";"0x8826cb4f8553f7cb568fe1969e7951ed26e327ffadde0d70808bfd1976d5738f|79|@dasmisu2001|@misu677|0x4dd8...dd9a";"7fb6a2617290fdba91a3afb2740e3e0db45b20f343c9be2fe266f4240a6404f1"
"161";"WINNER";"158";"@manggastrow";"@stroberimanggai";"0xf31b...ef89";"OK";"0x8826cb4f8553f7cb568fe1969e7951ed26e327ffadde0d70808bfd1976d5738f|158|@manggastrow|@stroberimanggai|0xf31b...ef89";"80a644d80d8e45c2bf04dcd26d8177946b49eb790c5f2233483680b3a0710024"
"162";"WINNER";"17";"@mr_pawlowski";"@mr_pawlowski007";"0x40b2...c4a9";"OK";"0x8826cb4f8553f7cb568fe1969e7951ed26e327ffadde0d70808bfd1976d5738f|17|@mr_pawlowski|@mr_pawlowski007|0x40b2...c4a9";"80f79a4b267d2d2472f2218d6e0058896c931e974ba3f205fe4b22e8a2e55dcb"
"163";"WINNER";"12";"@ibrahimisa36746";"@kinqpromo";"0x7c4c...2e27";"OK";"0x8826cb4f8553f7cb568fe1969e7951ed26e327ffadde0d70808bfd1976d5738f|12|@ibrahimisa36746|@kinqpromo|0x7c4c...2e27";"8108e433dd7695fb74086d7cbf3965557d055bd082622b2ff7c2c93b9fd00d76"
"164";"WINNER";"193";"@defass1402";"@defaz1402";"0x6ab8...c0d5";"OK";"0x8826cb4f8553f7cb568fe1969e7951ed26e327ffadde0d70808bfd1976d5738f|193|@defass1402|@defaz1402|0x6ab8...c0d5";"815ae5c0734d107f13926ce674281eafa763c5386f7f9035addb142eca143e1a"
"165";"WINNER";"205";"@iaalicyya";"@maurinealicya";"0xa6b5...1901";"OK";"0x8826cb4f8553f7cb568fe1969e7951ed26e327ffadde0d70808bfd1976d5738f|205|@iaalicyya|@maurinealicya|0xa6b5...1901";"824718df3c3b32a81d44686b528ade7df85dd62a90f7e25e5caccdf472111e75"
"166";"WINNER";"293";"@maryamm26004";"@pastlifeone";"0xbe43...2585";"OK";"0x8826cb4f8553f7cb568fe1969e7951ed26e327ffadde0d70808bfd1976d5738f|293|@maryamm26004|@pastlifeone|0xbe43...2585";"82ce061e4c95bd68c7036aab1d2ba02127ae7951101ed61d11960d81c6d19caa"
"167";"WINNER";"67";"@professor_slax";"@danniufot";"0x054c...0685";"OK";"0x8826cb4f8553f7cb568fe1969e7951ed26e327ffadde0d70808bfd1976d5738f|67|@professor_slax|@danniufot|0x054c...0685";"8330eb74a0b9af5a99e36dadbeafb9b081090973662eb85695e1eb2b4f595c8d"
"168";"WINNER";"61";"@dattips_boy";"@dattips_boy";"0x2b58...df41";"OK";"0x8826cb4f8553f7cb568fe1969e7951ed26e327ffadde0d70808bfd1976d5738f|61|@dattips_boy|@dattips_boy|0x2b58...df41";"8368621506b759fdb7dcef5bb88f96ca19f10e1f224449b01eb097f858b60c00"
"169";"WINNER";"157";"@zilvazilvanii";"@zilvazilvani";"0x0952...acbf";"OK";"0x8826cb4f8553f7cb568fe1969e7951ed26e327ffadde0d70808bfd1976d5738f|157|@zilvazilvanii|@zilvazilvani|0x0952...acbf";"839ab3ad188c6761f9b84e308f547983af17bdb32628f7cf38bb3b88e3c4897a"
"170";"WINNER";"96";"@hamsetya";"@ilhamsett";"0x8927...4816";"OK";"0x8826cb4f8553f7cb568fe1969e7951ed26e327ffadde0d70808bfd1976d5738f|96|@hamsetya|@ilhamsett|0x8927...4816";"84eceefe802e6904925b9e016c01b01feac89c7ecc6701f12f11cca3d64c4083"
"171";"WINNER";"260";"@xuwulynn96039";"@aegisdgh";"0x0999...052b";"OK";"0x8826cb4f8553f7cb568fe1969e7951ed26e327ffadde0d70808bfd1976d5738f|260|@xuwulynn96039|@aegisdgh|0x0999...052b";"87749cd69556e1a2d0dc6b470d29e4f9f78e66e8de135df523aef0c1d8aa2f68"
"172";"WINNER";"269";"@chloemilya";"@chloemilya";"0xa7b1...6a40";"OK";"0x8826cb4f8553f7cb568fe1969e7951ed26e327ffadde0d70808bfd1976d5738f|269|@chloemilya|@chloemilya|0xa7b1...6a40";"87d755050ed312ab98ddf7f168273a4aa8602ebb2b917cf129a8c80c0977c68c"
"173";"WINNER";"247";"@snita9304";"@sirenmalikaa";"0x9a6f...a1bb";"OK";"0x8826cb4f8553f7cb568fe1969e7951ed26e327ffadde0d70808bfd1976d5738f|247|@snita9304|@sirenmalikaa|0x9a6f...a1bb";"87dca9664996dec0f81228b8360a0fa2cba408c342a0baa1786307b50bb9ac3c"
"174";"WINNER";"176";"@meongpan";"@pandameong";"0x92d3...b2e7";"OK";"0x8826cb4f8553f7cb568fe1969e7951ed26e327ffadde0d70808bfd1976d5738f|176|@meongpan|@pandameong|0x92d3...b2e7";"8837f7dce4903478a53dc015bce73b775a861ab0ecfaf1746e35309a22d4e72c"
"175";"WINNER";"282";"@markus_avdeev";"@specials_person";"0x649d...887e";"OK";"0x8826cb4f8553f7cb568fe1969e7951ed26e327ffadde0d70808bfd1976d5738f|282|@markus_avdeev|@specials_person|0x649d...887e";"889d223e9cbe305c7896e995160451f2760e2afdefd93f7818bb55f8fed77c49"
"176";"WINNER";"195";"@ychanamy";"@navmycha";"0xfcc5...4337";"OK";"0x8826cb4f8553f7cb568fe1969e7951ed26e327ffadde0d70808bfd1976d5738f|195|@ychanamy|@navmycha|0xfcc5...4337";"88c3ceff568d4a0ef08b83e05b863790db4080bfa79256afe61af3528b791874"
"177";"WINNER";"147";"@elijah_nwo83661";"@bigeli45";"0x69b6...36cd";"OK";"0x8826cb4f8553f7cb568fe1969e7951ed26e327ffadde0d70808bfd1976d5738f|147|@elijah_nwo83661|@bigeli45|0x69b6...36cd";"89374e4558071b9f66e986d9e7fb99238a2e25f026fb3c47f91f24f99548a527"
"178";"WINNER";"26";"@kadakawacil";"@kadakawacil";"0x3b2f...b4d0";"OK";"0x8826cb4f8553f7cb568fe1969e7951ed26e327ffadde0d70808bfd1976d5738f|26|@kadakawacil|@kadakawacil|0x3b2f...b4d0";"894349da620562352807ac2984ecb19da6f87298c8468934917a3b36e109606e"
"179";"WINNER";"138";"@dreadedgee9";"@merryluca";"0x7ca5...8d37";"OK";"0x8826cb4f8553f7cb568fe1969e7951ed26e327ffadde0d70808bfd1976d5738f|138|@dreadedgee9|@merryluca|0x7ca5...8d37";"89909ecfe9ca3033df23d85cd5ca86840d2ce3fc80044f69c558b4c67cdc5d64"
"180";"WINNER";"115";"@apes_maniac";"@b1gb0s";"0x5253...8bce";"OK";"0x8826cb4f8553f7cb568fe1969e7951ed26e327ffadde0d70808bfd1976d5738f|115|@apes_maniac|@b1gb0s|0x5253...8bce";"89aaba5247d258e269a88fd41500321ba99a8d02f285ddb34211c8080d73ac3d"
"181";"WINNER";"316";"@agiel_0x";"@seania_13";"0x628f...4e4d";"OK";"0x8826cb4f8553f7cb568fe1969e7951ed26e327ffadde0d70808bfd1976d5738f|316|@agiel_0x|@seania_13|0x628f...4e4d";"89d96ef95d518a9c6447baa01a4e401680eace82adc5ba48e5a8c614c643cb06"
"182";"WINNER";"302";"@adit004003";"@edi004";"0x6e3f...cd39";"OK";"0x8826cb4f8553f7cb568fe1969e7951ed26e327ffadde0d70808bfd1976d5738f|302|@adit004003|@edi004|0x6e3f...cd39";"8ade03d15d4f91eb0be5300d21915d25f05744f1c8cb433103c9fde08cb10937"
"183";"WINNER";"183";"@diandrranur";"@nurdiandragustian";"0xd0b9...1269";"OK";"0x8826cb4f8553f7cb568fe1969e7951ed26e327ffadde0d70808bfd1976d5738f|183|@diandrranur|@nurdiandragustian|0xd0b9...1269";"8b06c65c072e4e68de82d91e2243cdceb06356f16a86fd762a25f8cfa2c37fde"
"184";"WINNER";"224";"@duattaies";"@funcheal";"0xb8cf...da72";"OK";"0x8826cb4f8553f7cb568fe1969e7951ed26e327ffadde0d70808bfd1976d5738f|224|@duattaies|@funcheal|0xb8cf...da72";"8b24accadbc3a5bacfa8494dedd6227862baa246858790ce3cec53f24784c7c6"
"185";"WINNER";"59";"@cloveword";"@kiemore";"0xa034...4443";"OK";"0x8826cb4f8553f7cb568fe1969e7951ed26e327ffadde0d70808bfd1976d5738f|59|@cloveword|@kiemore|0xa034...4443";"8b8004261b3a0eac2d1562c8dc06ba49be7413fee2d95221e7f24ebd534b98ff"
"186";"WINNER";"303";"@johndavids41353";"@raider_210";"0x07be...ef0a";"OK";"0x8826cb4f8553f7cb568fe1969e7951ed26e327ffadde0d70808bfd1976d5738f|303|@johndavids41353|@raider_210|0x07be...ef0a";"8c653c97707fcfe07ca8bc7958a7d89ddcbf2ef1afc0083c6e1d771c162d1957"
"187";"WINNER";"118";"@ayubamartins1";"@mart218";"0xee94...3802";"OK";"0x8826cb4f8553f7cb568fe1969e7951ed26e327ffadde0d70808bfd1976d5738f|118|@ayubamartins1|@mart218|0xee94...3802";"8cacf25055b053ab5c706efd7d6cd278ebacf4e74bb48f87854d20ea4ac00950"
"188";"WINNER";"152";"@yuyithaperezmap";"@zzaunteee";"0xc539...d5e8";"OK";"0x8826cb4f8553f7cb568fe1969e7951ed26e327ffadde0d70808bfd1976d5738f|152|@yuyithaperezmap|@zzaunteee|0xc539...d5e8";"8df0abb2feaa09c84b620fc04f052be498b982524d1f49a940706b08ed3a24f3"
"189";"WINNER";"161";"@nagasalakat";"@salaknaga";"0x1bfe...45b0";"OK";"0x8826cb4f8553f7cb568fe1969e7951ed26e327ffadde0d70808bfd1976d5738f|161|@nagasalakat|@salaknaga|0x1bfe...45b0";"8e31f14b77d663f245754d2e5461b83738c6b46291dd7d811c7b5350899319b7"
"190";"WINNER";"268";"@elianagrace8758";"@elianagrace8758";"0x405b...ec2d";"OK";"0x8826cb4f8553f7cb568fe1969e7951ed26e327ffadde0d70808bfd1976d5738f|268|@elianagrace8758|@elianagrace8758|0x405b...ec2d";"90e30b9bd22c910b2785638aedc60dfcd80a4b5dcc393f4bcea4ca644d68b25c"
"191";"WINNER";"206";"@unggniss";"@nismangga";"0x7493...6651";"OK";"0x8826cb4f8553f7cb568fe1969e7951ed26e327ffadde0d70808bfd1976d5738f|206|@unggniss|@nismangga|0x7493...6651";"91312330390c63ea17e6db4add76e01d7ab60a678dd1df121c767301a465db9d"
"192";"WINNER";"209";"@aircastervs";"@gitgwei";"0x888f...f05f";"OK";"0x8826cb4f8553f7cb568fe1969e7951ed26e327ffadde0d70808bfd1976d5738f|209|@aircastervs|@gitgwei|0x888f...f05f";"93e5a712c303ea3fd952c78264a304b57169f3a51cd1402d60a642a749fd7df8"
"193";"WINNER";"256";"@walking7981";"@fuadharun888";"0x1090...34b7";"OK";"0x8826cb4f8553f7cb568fe1969e7951ed26e327ffadde0d70808bfd1976d5738f|256|@walking7981|@fuadharun888|0x1090...34b7";"947b942e3aae6858e96080e4cdce45b6bd9aab2387fa4d87d9c68ca8350ea2f4"
"194";"WINNER";"270";"@clairestefany1";"@clairestefany";"0x671b...e913";"OK";"0x8826cb4f8553f7cb568fe1969e7951ed26e327ffadde0d70808bfd1976d5738f|270|@clairestefany1|@clairestefany|0x671b...e913";"955984ebfd615411913ec73578623b8cea335fc2cda059baf691afd1b63f22c6"
"195";"WINNER";"91";"@zaunt4";"@obehana";"0x2608...8099";"OK";"0x8826cb4f8553f7cb568fe1969e7951ed26e327ffadde0d70808bfd1976d5738f|91|@zaunt4|@obehana|0x2608...8099";"95b980be9773afce9f81515ab85af28cd65e068fc58e709a2b5a06ae43a7bac9"
"196";"WINNER";"237";"@radzshinwoo";"@radzshinwoo";"0x0600...60cc";"OK";"0x8826cb4f8553f7cb568fe1969e7951ed26e327ffadde0d70808bfd1976d5738f|237|@radzshinwoo|@radzshinwoo|0x0600...60cc";"96af91e7d8591b0b7cd8b66e9fb4af9a5482b98fd0add8ed34f66647db83e3f5"
"197";"WINNER";"1";"@natsu4810";"@jveranda";"0x5e17...3bec";"OK";"0x8826cb4f8553f7cb568fe1969e7951ed26e327ffadde0d70808bfd1976d5738f|1|@natsu4810|@jveranda|0x5e17...3bec";"9756cbd1ad4f24b7f5940228cdc63317923013b3ff1d660124f8d7e8a47d285c"
"198";"WINNER";"28";"@zaii_xbt";"@zackxc80";"0x3dc5...698a";"OK";"0x8826cb4f8553f7cb568fe1969e7951ed26e327ffadde0d70808bfd1976d5738f|28|@zaii_xbt|@zackxc80|0x3dc5...698a";"97937c9da9f693edd220b4387026e615d45470e70dcbc2b23701500699cabf55"
"199";"WINNER";"194";"@johnsmithhu6t";"@dedbad200";"0x4728...a22c";"OK";"0x8826cb4f8553f7cb568fe1969e7951ed26e327ffadde0d70808bfd1976d5738f|194|@johnsmithhu6t|@dedbad200|0x4728...a22c";"97aa20db7d7bd89309927b9405bb716c9bf80fc4ba3e2d00bc07b86af91c2115"
"200";"WINNER";"192";"@lashawnhauben97";"@rizq1707";"0x68c4...525f";"OK";"0x8826cb4f8553f7cb568fe1969e7951ed26e327ffadde0d70808bfd1976d5738f|192|@lashawnhauben97|@rizq1707|0x68c4...525f";"97b4daba888283ca3b9a3b1df9bd2b0e7c902c24ce3166b3d75e6b0ebfdf8be2"
